UniqueIndexID_ItaCoLA	Sentence	ExpertAcceptability	PlayersAcceptability	NumAnnotations	DisaggragatedAnnotations	PlayersID
8897	È arrivato tuo padre?	1	1	4	1,1,1,1	vj6buGww,HQ8yy7gw,OeynLncz,C62PYy1K
4042	Alice smette del pasto.	0	0	2	0,0	vj6buGww,HQ8yy7gw
824	Ho aspettato alcune ore.	1	1	2	1,1	vj6buGww,HQ8yy7gw
1139	Edoardo sta arrivando.	1	1	2	1,1	vj6buGww,HQ8yy7gw
7253	Gabriele a trarre le cuoia.	0	0	2	0,0	vj6buGww,HQ8yy7gw
32	Riccardo legge.	1	1	2	1,1	vj6buGww,HQ8yy7gw
9081	Alice trasale verso la cucina.	0	0	4	0,0,0,0	vj6buGww,HQ8yy7gw,OeynLncz,C62PYy1K
97	Ho incontrato lei, non lui.	1	1	2	1,1	vj6buGww,HQ8yy7gw
388	Che cosa ha dato a Lorenzo, Tommaso?	1	0	3	1,0,0	vj6buGww,WsIxGOD?,HQ8yy7gw
1972	La luce è rimasta saltata.	0	0	3	0,0,0	vj6buGww,WsIxGOD?,HQ8yy7gw
3993	Giulia parla che partirà con Paola.	0	0	4	0,1,0,0	vj6buGww,GkYyKime,WsIxGOD?,HQ8yy7gw
3969	Riccardo ne la esenta.	0	0	3	0,0,0	GkYyKime,FclsoYiw,nWOrC?wr
7890	Scusa!	1	1	4	1,1,1,1	GkYyKime,GkYyKime,989jwIzU,CtecEp6w
5944	Emma è in spavento.	0	0	4	0,0,0,1	GkYyKime,pS8ktAgS,989jwIzU,CtecEp6w
1015	Purtroppo oggi piove.	1	1	4	1,1,1,1	GkYyKime,HQ8yy7gw,xr0!?w5q,!GXFVVUQ
8753	Lorenzo ha incontrato la settimana scorsa.	0	0	4	0,0,0,0	GkYyKime,989jwIzU,Rfsfks4I,GkYyKime
5504	La lezione è finita per ore.	0	0	3	0,0,0	GkYyKime,989jwIzU,GkYyKime
3206	Francesco colma attenzioni nel padre.	0	0	3	0,0,0	GkYyKime,989jwIzU,i5VZ9EBr
965	La mia macchina è per mio fratello.	1	1	3	0,1,1	GkYyKime,Rfsfks4I,y1VxC7mB
1703	Saltare la corrente.	0	0	3	0,0,0	GkYyKime,joqYXLG1,AWVSmErk
8910	Il postino parte alle otto.	1	1	4	1,1,1,1	GkYyKime,X1XDhPwh,wgWvRcwc,kKyAP7X8
8909	Gli animali sono oggi al centro di un dibattito concernente i loro diritti.	1	0	3	0,1,0	GkYyKime,wgWvRcwc,kKyAP7X8
756	Io ho visto.	1	1	2	1,1	GkYyKime,ggipwdNm
1042	Edoardo ha un cane.	1	1	3	1,1,1	GkYyKime,WsIxGOD?,7EoU8Bhg
8321	Sofia ha tagliato la testa al bisonte.	0	1	5	1,1,1,1,1	GkYyKime,WsIxGOD?,pS8ktAgS,ggipwdNm,7EoU8Bhg
1211	Il tuo gatto ha mangiato la salsiccia.	1	1	5	1,1,1,1,1	GkYyKime,WsIxGOD?,pS8ktAgS,ggipwdNm,7EoU8Bhg
1833	Ha russato in due ore.	0	0	5	0,0,0,1,0	GkYyKime,WsIxGOD?,pS8ktAgS,ggipwdNm,7EoU8Bhg
5347	La nave fu affondata con il capitano.	0	1	5	0,1,1,1,0	GkYyKime,WsIxGOD?,pS8ktAgS,ggipwdNm,7EoU8Bhg
3534	Alice bada a ciò che tutto riesca.	0	0	5	0,0,0,0,0	GkYyKime,WsIxGOD?,pS8ktAgS,ggipwdNm,7EoU8Bhg
7863	Edoardo crede che Emma voglia che Tommaso veda Gabriele.	1	1	5	1,1,1,1,1	GkYyKime,WsIxGOD?,pS8ktAgS,ggipwdNm,7EoU8Bhg
2326	Edoardo annodò il filo.	0	1	5	1,1,1,1,1	GkYyKime,WsIxGOD?,pS8ktAgS,ggipwdNm,7EoU8Bhg
143	Nella sua città natale, Riccardo è tornato l'anno scorso.	1	1	5	0,1,1,1,1	GkYyKime,WsIxGOD?,pS8ktAgS,ggipwdNm,7EoU8Bhg
3610	Leonardo si colpisce che Beatrice parta.	0	0	5	0,0,0,1,0	GkYyKime,WsIxGOD?,pS8ktAgS,ggipwdNm,7EoU8Bhg
687	Edoardo disse: "Arriverò alle quattro."	1	1	5	1,1,1,1,1	GkYyKime,WsIxGOD?,pS8ktAgS,ggipwdNm,7EoU8Bhg
7663	È alla porta di casa che Emma ha piantato dei paletti dal marciapiedi.	0	0	5	0,1,0,1,0	GkYyKime,WsIxGOD?,pS8ktAgS,ggipwdNm,7EoU8Bhg
1069	Tra noi non ci si parla più da tempo.	1	1	6	0,1,1,0,1,1	GkYyKime,WsIxGOD?,pS8ktAgS,ggipwdNm,X1XDhPwh,7EoU8Bhg
515	Tommaso ha detto che Mattia lo ha guardato.	1	1	6	1,1,1,1,1,1	GkYyKime,WsIxGOD?,pS8ktAgS,ggipwdNm,X1XDhPwh,7EoU8Bhg
6826	Un aereo li atterrò a raccogliere.	0	0	2	0,0	WsIxGOD?,haNSh5E9
334	Gabriele ha detto di domandare l'ora ad Andrea.	1	1	3	1,1,0	WsIxGOD?,ns!1RT2G,joqYXLG1
2734	In quest'istante non nevica, ma nevica.	0	0	2	0,0	WsIxGOD?,GkYyKime
7877	Gabriele è scapolo ed è sposato.	1	0	2	0,0	WsIxGOD?,Yxeisc4b
9721	Leonardo associa la linguistica dalla psicologia.	0	1	3	1,1,0	WsIxGOD?,y1VxC7mB,exQKDQzP
9201	Gabriele allieta Paola del fatto che Alice ride.	0	0	4	1,0,0,0	WsIxGOD?,7EoU8Bhg,chcRfurI,Res5lRUk
98	Lo incontro tutti i giorni.	1	1	2	1,1	WsIxGOD?,X1XDhPwh
5518	Leonardo è guarito per due giorni.	0	0	3	0,0,0	WsIxGOD?,X1XDhPwh,AWVSmErk
333	Se sapesse che ha l'orologio, Tommaso domanderebbe che ora è ad Alessandro.	1	1	3	1,1,1	WsIxGOD?,X1XDhPwh,G?j??PoF
674	Quei ragazzi teme la guerra.	0	0	3	0,0,0	WsIxGOD?,X1XDhPwh,ObFZENFT
1087	Le do il cappello.	1	1	2	1,1	WsIxGOD?,AWVSmErk
7813	Quella costruzione offende il buon gusto.	1	1	3	1,1,1	WsIxGOD?,pS8ktAgS,i5VZ9EBr
3618	Andrea allieta se stesso che Paola ride.	0	0	4	0,0,0,0	WsIxGOD?,X1XDhPwh,ObFZENFT,SL90k!9d
550	Arrivato Francesco, ci siamo sentiti meglio.	1	1	3	1,1,1	WsIxGOD?,pS8ktAgS,X1XDhPwh
1234	Qualcuno che è in questo posto.	1	0	3	1,0,0	WsIxGOD?,pS8ktAgS,X1XDhPwh
7948	Non mi piace il vino.	1	1	3	1,1,1	WsIxGOD?,pS8ktAgS,X1XDhPwh
6423	Paola piovve.	0	0	3	0,0,0	WsIxGOD?,pS8ktAgS,X1XDhPwh
1237	La costruzione del palazzo è durata due anni.	1	1	4	1,1,1,1	WsIxGOD?,pS8ktAgS,X1XDhPwh,Rfsfks4I
2457	L'artrosi ne ha paralizzato le mani.	0	0	3	0,0,1	WsIxGOD?,pS8ktAgS,X1XDhPwh
9525	Leonardo ha incendiato le palle.	0	0	6	1,1,0,0,0,0	WsIxGOD?,pS8ktAgS,X1XDhPwh,Rfsfks4I,OeynLncz,C62PYy1K
786	Le persone che parlano sempre mi piacciono poco.	1	1	4	1,1,1,1	WsIxGOD?,pS8ktAgS,X1XDhPwh,Rfsfks4I
316	Alessandro ha affermato che la situazione è grave.	1	1	4	1,1,1,1	WsIxGOD?,pS8ktAgS,X1XDhPwh,Rfsfks4I
8815	Lorenzo mangia la mela.	1	1	6	1,1,0,1,1,1	WsIxGOD?,pS8ktAgS,X1XDhPwh,Rfsfks4I,OeynLncz,C62PYy1K
1303	C'è Riccardo?	1	1	4	0,1,1,1	WsIxGOD?,pS8ktAgS,X1XDhPwh,Rfsfks4I
8830	Questo libro, non lo avevo mai letto.	1	0	6	0,1,1,0,0,0	WsIxGOD?,pS8ktAgS,X1XDhPwh,Rfsfks4I,OeynLncz,C62PYy1K
8893	Tu, se gli dei ti amano, è il momento buono per fare il tuo affare.	1	0	6	0,0,0,0,1,0	WsIxGOD?,pS8ktAgS,X1XDhPwh,Rfsfks4I,OeynLncz,C62PYy1K
71	Un ragazzo partito poco fa.	1	0	4	0,1,0,0	WsIxGOD?,pS8ktAgS,X1XDhPwh,Rfsfks4I
7805	Il mio treno preferito è la Divina Commedia.	0	0	5	0,0,0,0,0	WsIxGOD?,pS8ktAgS,X1XDhPwh,Rfsfks4I,GkYyKime
882	Gli ho promesso di parlare.	1	1	6	1,1,1,1,1,1	pS8ktAgS,HQ8yy7gw,GkYyKime,989jwIzU,P0VN040d,CtecEp6w
8670	Sofia mantiene testa al nemico.	0	1	3	0,1,1	pS8ktAgS,ObFZENFT,CtecEp6w
5672	La porta si è fatta aperta.	0	0	2	0,0	pS8ktAgS,fUTgr?Eu
8955	Alessandro ha aspirato.	0	1	3	1,1,1	pS8ktAgS,P0VN040d,wgWvRcwc
8845	Siamo usciti in macchina.	1	1	2	1,1	pS8ktAgS,wgWvRcwc
5667	La valigia, da appesantita è diventata alleggerita.	0	1	4	0,1,1,1	pS8ktAgS,kuARztUC,CtecEp6w,AWVSmErk
9206	Il ministro è dal ritiro del passaporto.	0	0	4	0,0,0,0	pS8ktAgS,ns!1RT2G,wgWvRcwc,kKyAP7X8
386	Hanno parlato molti ragazzi.	1	1	3	1,1,1	pS8ktAgS,Rfsfks4I,GkYyKime
221	Su quale pavimento hai detto che Andrea ha sparso i fogli?	1	0	3	1,0,0	pS8ktAgS,Rfsfks4I,GkYyKime
7950	Mettere fretta.	1	1	3	1,1,1	pS8ktAgS,Rfsfks4I,GkYyKime
4610	L'immortalità confonde la libertà con Francesco.	0	0	3	0,0,0	pS8ktAgS,Rfsfks4I,GkYyKime
9269	Quell'ha architetto progettato alcuni musei.	0	0	5	1,0,0,0,0	pS8ktAgS,Rfsfks4I,GkYyKime,OeynLncz,C62PYy1K
1195	Chi non si preoccupa sono i turisti scandinavi: meno di cento prenotazioni disdette.	1	1	3	1,1,1	pS8ktAgS,Rfsfks4I,GkYyKime
4589	Maria ne ha messo i vestiti.	0	0	3	0,0,0	pS8ktAgS,Rfsfks4I,GkYyKime
506	I ragazzi di cui mi ha parlato la ragazza partono.	1	1	3	1,1,1	pS8ktAgS,Rfsfks4I,GkYyKime
842	Questa è una matita.	1	1	3	1,1,1	pS8ktAgS,Rfsfks4I,GkYyKime
6254	Emma glielo rubò il cuore ad Alessandro.	0	0	3	0,0,0	pS8ktAgS,Rfsfks4I,GkYyKime
603	Io ritengo che Alice sia una buona giornalista.	1	1	3	1,1,1	pS8ktAgS,Rfsfks4I,GkYyKime
99	L'ho incontrato ieri.	1	1	3	1,1,1	pS8ktAgS,GkYyKime,Rfsfks4I
1291	Esprimo che non sono d'accordo.	0	1	3	1,1,1	pS8ktAgS,Rfsfks4I,GkYyKime
3992	Beatrice discorre che partirà con Maria.	0	0	3	0,1,0	pS8ktAgS,Rfsfks4I,GkYyKime
7952	Tutte le balene devono essere protette.	1	1	3	1,1,1	pS8ktAgS,GkYyKime,Rfsfks4I
51	Il giudice ha interrogato il testimone ieri sera.	1	1	2	1,1	989jwIzU,i5VZ9EBr
3710	Riccardo vuole Francesco che canta.	0	0	2	0,0	989jwIzU,nWOrC?wr
2064	Ciò termina il fiume qui.	0	0	2	0,0	989jwIzU,i5VZ9EBr
1536	La stanchezza ha sbadigliato Gabriele.	0	0	2	0,0	989jwIzU,l6q79feM
720	Ho preso un caffè.	1	1	4	1,1,1,1	989jwIzU,xr0!?w5q,ObFZENFT,i5VZ9EBr
8807	Alessandro ritiene che Francesco sia convinto che quella casa appartenga ancora alla propria famiglia.	1	1	4	1,1,1,0	989jwIzU,ns!1RT2G,wgWvRcwc,kKyAP7X8
731	La folla si è dispersa.	1	1	4	1,1,1,0	989jwIzU,ObFZENFT,SL90k!9d,Yxeisc4b
1330	Gabriele ambisce alla presidenza.	1	1	4	1,1,1,1	989jwIzU,7EoU8Bhg,CtecEp6w,y6DhlGjr
8507	Riccardo si seduce.	0	0	2	0,0	989jwIzU,haNSh5E9
5643	La valigia si è fatta alleggerita.	0	0	2	0,0	989jwIzU,Yxeisc4b
987	Alessandro si addormenta.	1	1	3	1,1,0	989jwIzU,ns!1RT2G,haNSh5E9
4384	Riccardo abbaia.	0	0	3	0,0,0	989jwIzU,ObFZENFT,Yxeisc4b
9194	Edoardo pensa di Vittoria essere bella.	0	0	3	0,0,0	989jwIzU,OeynLncz,C62PYy1K
34	Alessandro mangia.	1	1	2	1,1	7EoU8Bhg,989jwIzU
3152	Aurora dà uno schiaffo con Leonardo.	0	0	2	0,0	7EoU8Bhg,989jwIzU
6021	La Grecia si è schiacciata.	0	0	2	0,0	7EoU8Bhg,989jwIzU
3387	Giulia spostò la bottiglia alla tavola.	0	0	2	0,0	7EoU8Bhg,989jwIzU
2395	Il con Riccardo soddisfazione mangiava.	0	0	2	0,0	7EoU8Bhg,989jwIzU
3261	Il vento increspa.	0	0	2	0,0	7EoU8Bhg,989jwIzU
1272	Ho aperto la porta.	1	1	2	1,1	7EoU8Bhg,989jwIzU
813	La macchina, l'ha presa tuo fratello.	1	1	4	1,1,1,0	ns!1RT2G,7EoU8Bhg,joqYXLG1,G?j??PoF
532	Riccardo conosceva quell'uomo.	1	1	2	1,1	7EoU8Bhg,989jwIzU
226	Quali pietre desideri che dormano in questa stanza?	0	0	2	0,0	7EoU8Bhg,989jwIzU
39	Dopo il suo discorso, il presidente ebbe una crisi cardiaca.	1	1	2	1,1	7EoU8Bhg,kuARztUC
4310	Dio è.	0	1	3	1,1,1	ns!1RT2G,CtecEp6w,y6DhlGjr
43	Francesco teme.	0	1	3	1,0,1	7EoU8Bhg,GkYyKime,xr0!?w5q
8339	I bambini eruttarono lava.	0	0	3	0,0,0	ns!1RT2G,joqYXLG1,haNSh5E9
1325	La sveglia ha suonato per l'intera serata.	0	1	3	0,1,1	7EoU8Bhg,GkYyKime,CtecEp6w
1964	Ho notato una sveglia suonata.	0	0	3	0,0,1	7EoU8Bhg,CtecEp6w,69YGNH2F
7161	Andrea ha tosato il canarino.	0	1	2	1,1	7EoU8Bhg,OeynLncz
8782	Lorenzo ha promesso a Paola di studiare ogni giorno.	1	1	3	1,1,0	ns!1RT2G,wgWvRcwc,kKyAP7X8
981	L'acqua bolle a cento gradi.	1	1	2	1,1	ns!1RT2G,CtecEp6w
1963	Ho notato la luce saltata.	0	1	4	1,1,1,0	7EoU8Bhg,CtecEp6w,G?j??PoF,SL90k!9d
3090	Paola aprì una finestra in ottone sul muro.	0	0	2	0,0	ns!1RT2G,Yxeisc4b
6932	La zanzara è di una rigida condotta morale.	0	0	3	1,0,0	7EoU8Bhg,ObFZENFT,qTMVRODw
8984	Il livello è alzato.	0	0	3	0,0,0	7EoU8Bhg,wgWvRcwc,kKyAP7X8
7596	Le foto di Gabriele e Leonardo conservano se stesse in quella scatola.	0	0	3	0,0,1	7EoU8Bhg,CtecEp6w,OeynLncz
3503	Paola bada ciò.	0	0	2	0,0	ns!1RT2G,989jwIzU
9307	Beatrice riempie il frigo da frutta.	0	0	4	0,0,0,0	ns!1RT2G,989jwIzU,OeynLncz,C62PYy1K
5587	Il cioccolato si è fuso per 5 minuti.	0	0	2	0,0	ns!1RT2G,989jwIzU
804	Il bambino di Edoardo ha rotto la macchina fotografica!	1	1	2	1,1	ns!1RT2G,989jwIzU
6212	Maria recò legna al bosco.	0	0	2	0,0	ns!1RT2G,989jwIzU
523	Un uomo è arrivato che conosco bene.	0	0	2	0,0	ns!1RT2G,989jwIzU
2890	L'aereo decolla dalla pista in Norvegia.	0	1	2	1,1	ns!1RT2G,989jwIzU
335	Andrea ha detto di domandare che ora è a Riccardo.	1	1	2	1,1	ns!1RT2G,989jwIzU
608	Di chi ha trovato una foto Leonardo?	1	1	3	1,1,0	7EoU8Bhg,CtecEp6w,UfynjwNK
3288	Il servizio militare dà Riccardo all'amministrazione.	0	0	2	0,0	ns!1RT2G,989jwIzU
8799	Questa è la sedia su cui Francesco ha domandato quando Alessandro si è seduto.	0	0	4	0,0,0,0	7EoU8Bhg,989jwIzU,OeynLncz,C62PYy1K
1256	Fare benzina.	1	0	2	0,0	ns!1RT2G,989jwIzU
6207	Riccardo ha incendiato i traguardi.	0	0	2	0,0	ns!1RT2G,989jwIzU
811	Non andare a casa!	1	1	2	1,1	ns!1RT2G,989jwIzU
587	Lorenzo corre.	1	1	2	1,1	ns!1RT2G,989jwIzU
7499	Beatrice pente se stessa.	0	0	2	0,0	7EoU8Bhg,989jwIzU
3557	Riccardo pensa Maria essere bella.	0	0	2	0,0	7EoU8Bhg,989jwIzU
970	Il cavallo è un animale resistente.	1	1	2	1,1	7EoU8Bhg,989jwIzU
7822	Non ho trovato il tuo libro in quella biblioteca.	1	1	3	1,1,1	HQ8yy7gw,gdqnsEpe,chcRfurI
853	Hai preso il latte?	1	1	3	1,1,1	HQ8yy7gw,X1XDhPwh,P0VN040d
347	Francesco ha promesso che se ne andrà.	1	1	3	1,1,1	HQ8yy7gw,mZ4JRJwL,!GXFVVUQ
7807	Andrea sta elaborando la risposta.	1	1	2	1,1	HQ8yy7gw,i5VZ9EBr
985	Sono andato in America.	1	1	2	1,1	HQ8yy7gw,!GXFVVUQ
2110	Le spalle di Lorenzo davano.	0	0	3	0,0,0	HQ8yy7gw,GkYyKime,P0VN040d
37	Gabriele scrive una lettera.	1	1	2	1,1	HQ8yy7gw,CtecEp6w
574	Il professore dice che lui ha raccomandato di leggere un libro di introduzione alla grammatica generativa, non una raccolta di favole.	1	1	3	1,1,1	HQ8yy7gw,P0VN040d,CtecEp6w
3951	Riccardo convince Andrea ad aver fatto un errore.	0	0	2	0,0	HQ8yy7gw,P0VN040d
524	Lui dice che il professore ha raccomandato di leggere un libro di introduzione alla grammatica generativa.	1	1	2	1,1	HQ8yy7gw,P0VN040d
3467	Gli uomini e le donne formano una discriminazione.	0	0	2	0,0	HQ8yy7gw,P0VN040d
8844	Esco col cappotto!	1	1	4	1,1,1,1	HQ8yy7gw,P0VN040d,OeynLncz,C62PYy1K
4216	Riccardo abita la vallata.	0	0	2	0,0	HQ8yy7gw,P0VN040d
510	I ragazzi di cui Lorenzo dice che Sofia sostiene che mi ha parlato la ragazza partono.	1	0	2	0,0	HQ8yy7gw,P0VN040d
6297	Riccardo abbandonò l'abito alle ortiche.	0	1	3	0,1,1	HQ8yy7gw,vj6buGww,P0VN040d
4174	Beatrice mangia la pizza e al ristorante.	0	0	3	0,0,0	HQ8yy7gw,vj6buGww,P0VN040d
1145	Ho messo le scarpe sul letto.	1	1	3	1,1,1	HQ8yy7gw,vj6buGww,P0VN040d
669	Gabriele promette a Maria che partirà domani.	1	1	3	1,1,1	HQ8yy7gw,vj6buGww,P0VN040d
9606	Il frigorifero si è beccato una forte cotta per Andrea.	0	0	5	0,1,0,0,0	HQ8yy7gw,vj6buGww,P0VN040d,OeynLncz,C62PYy1K
417	L'uomo che ha appena parlato è mio zio.	1	1	2	1,1	HQ8yy7gw,vj6buGww
567	Penso all'affermazione di Alice che Lorenzo vuole sposare Emma.	1	1	2	1,1	HQ8yy7gw,vj6buGww
667	Cerco la persona a cui consegnare questo pacco.	1	1	2	1,1	HQ8yy7gw,vj6buGww
8881	Saranno le tre.	1	1	3	1,1,0	ggipwdNm,wgWvRcwc,kKyAP7X8
3660	Nel suo sguardo splendeva di aver vinto al lotto.	0	1	2	1,1	ggipwdNm,ObFZENFT
1375	L'idraulico aggiusta il tubo.	1	1	4	1,1,1,0	ggipwdNm,joqYXLG1,69YGNH2F,haNSh5E9
609	Di chi ha sentito una storia su una foto Riccardo?	0	0	2	0,0	ggipwdNm,AWVSmErk
91	Lo gli do subito.	0	0	2	0,0	X1XDhPwh,ObFZENFT
1115	Lo dico io.	1	1	3	1,1,0	X1XDhPwh,7EoU8Bhg,AWVSmErk
490	Il mattone vuole cantare la Traviata.	0	0	2	0,0	Rfsfks4I,i5VZ9EBr
602	Io ritengo Emma una buona giornalista.	1	0	3	0,1,0	Rfsfks4I,xr0!?w5q,i5VZ9EBr
382	Dormono molti studenti.	1	1	2	1,1	Rfsfks4I,i5VZ9EBr
7929	Riccardo non ha tempo.	1	1	2	1,1	Rfsfks4I,!GXFVVUQ
1028	La casa è stata ripulita.	1	1	2	1,1	Rfsfks4I,GkYyKime
530	Gabriele sa quell'uomo.	0	0	5	0,0,0,0,0	Rfsfks4I,7EoU8Bhg,GkYyKime,AWVSmErk,haNSh5E9
6623	Maria ha perso Andrea.	0	1	2	1,1	7EoU8Bhg,joqYXLG1
3162	Leonardo ha dato un libro per Maria.	0	0	5	0,1,0,0,1	7EoU8Bhg,kuARztUC,joqYXLG1,AWVSmErk,69YGNH2F
1571	Quando iniziò il concerto, il figlio di Riccardo si sedeva in prima fila.	0	0	2	0,0	7EoU8Bhg,AWVSmErk
5404	Ha rivestito il cassetto con di carta a fiori.	0	0	3	0,1,0	7EoU8Bhg,l6q79feM,CPR730mE
6927	La zanzara ha una rigida condotta morale.	0	1	3	1,0,1	GkYyKime,P0VN040d,kuARztUC
7998	I negozianti hanno aumentato.	0	0	2	0,0	989jwIzU,kuARztUC
743	Ho bevuto il vino che Tommaso mi ha portato.	1	1	3	1,1,1	989jwIzU,kuARztUC,CtecEp6w
66	Francesco è un grande oratore.	1	1	3	1,1,1	989jwIzU,FclsoYiw,CtecEp6w
788	Spedisce un libro da Roma a Vicenza.	1	1	2	1,1	989jwIzU,CtecEp6w
868	I libri che gli antichi scrissero sono utili.	1	1	3	1,1,1	989jwIzU,xr0!?w5q,CtecEp6w
2515	È gli artisti che dipingono dei quadri.	0	0	2	0,0	989jwIzU,P0VN040d
7947	Ho preso dello zucchero.	1	1	3	1,1,1	989jwIzU,gdqnsEpe,CtecEp6w
3693	Francesco adora di carezzare Leonardo	0	0	2	0,0	989jwIzU,AWVSmErk
3219	Tommaso imbeve il pane.	0	1	3	1,0,1	989jwIzU,P0VN040d,mZ4JRJwL
8026	La biancheria si è asciugata per un'ora.	0	1	2	1,1	989jwIzU,CtecEp6w
1160	Mangiare mangia, il bambino.	1	0	3	1,0,0	989jwIzU,Yxeisc4b,OeynLncz
671	Quel ragazzo picchia quei signori.	1	1	4	1,1,1,1	P0VN040d,gdqnsEpe,ObFZENFT,69YGNH2F
8920	Gabriele sta scrivendo.	1	1	2	1,1	P0VN040d,wgWvRcwc
1535	L'emozione ha impaperato Andrea.	0	0	2	0,0	P0VN040d,ObFZENFT
6450	La moda della minigonna voga di nuovo.	0	0	4	0,0,0,0	P0VN040d,mZ4JRJwL,pENvr5?R,ObFZENFT
7030	Edoardo procede a fare il caricamento del camion di casse.	0	0	3	0,0,1	gdqnsEpe,exQKDQzP,!GXFVVUQ
6231	Lorenzo ha bruciato le tappe vecchie.	0	0	2	0,0	gdqnsEpe,i5VZ9EBr
8884	Edoardo ordina a Mattia di restare a casa.	1	1	3	1,1,1	gdqnsEpe,OeynLncz,C62PYy1K
8918	Beatrice è corsa a casa.	1	1	2	1,1	gdqnsEpe,exQKDQzP
16	Chi dici che Leonardo sostiene che mi ha colpito?	1	0	2	0,0	gdqnsEpe,i5VZ9EBr
1250	Parto fra poco.	1	1	3	1,1,1	gdqnsEpe,!GXFVVUQ,joqYXLG1
2786	Il cielo brilla di una stella.	0	0	2	0,0	gdqnsEpe,i5VZ9EBr
7550	Lorenzo mette il bicchiere di vino.	0	0	3	0,0,0	gdqnsEpe,kuARztUC,!GXFVVUQ
135	L'avvocato Azzeccagarbugli ce l'ha messa tutta, ma la sua arringa non ha convinto i giudici.	1	1	3	0,1,1	gdqnsEpe,fUTgr?Eu,YcyQYgHG
952	Lui è partito in macchina, io sono partito in treno.	1	1	3	0,1,1	gdqnsEpe,y1VxC7mB,CPR730mE
4632	Maria ha rotto il vaso cinese in un solo pezzo.	0	1	2	1,1	y1VxC7mB,CtecEp6w
9637	Oggi, la candela non è valsa dal gioco.	0	0	3	0,1,0	y1VxC7mB,OeynLncz,C62PYy1K
4986	Per aver rubato, Riccardo fu cacciato.	0	1	2	1,1	y1VxC7mB,fUTgr?Eu
8846	Egli venne qui.	1	0	5	1,0,0,0,0	y1VxC7mB,fUTgr?Eu,OeynLncz,C62PYy1K,93O5KCwA
6252	Legna, che Paola portò al bosco, era già stata portata.	0	0	2	0,0	y1VxC7mB,fUTgr?Eu
1243	Sono arrivati i ragazzi.	1	1	2	1,1	y1VxC7mB,fUTgr?Eu
676	Qualcuno espone la dottrina.	1	0	2	0,0	y1VxC7mB,fUTgr?Eu
9503	Giulia ha montato la testa a se stessa.	0	0	4	0,0,1,0	y1VxC7mB,fUTgr?Eu,OeynLncz,93O5KCwA
779	Abbiamo mangiato e poi siamo partiti.	1	1	2	1,1	y1VxC7mB,fUTgr?Eu
2777	I ministeri abbondano di burocrati volontariamente.	0	0	2	0,0	y1VxC7mB,fUTgr?Eu
563	Cosa è successo a Paola?	1	1	2	1,1	y1VxC7mB,YcyQYgHG
7130	Il lago di Bracciano prese il toro per le corna.	0	0	3	1,0,0	y1VxC7mB,wGYiqk46,CPR730mE
919	Quando parte questo treno?	1	1	3	1,1,1	y1VxC7mB,fUTgr?Eu,8KPPTUn4
1482	Francesco ha caduto il bicchiere.	0	0	3	1,0,0	y1VxC7mB,exQKDQzP,chcRfurI
180	Gabriele ha visto la sua amica con un binocolo.	1	1	3	1,1,1	y1VxC7mB,8KPPTUn4,YcyQYgHG
9046	Edoardo riempie i libri nell'armadio.	0	0	3	1,0,0	y1VxC7mB,fUTgr?Eu,8KPPTUn4
481	Giulia sembra che risulti aver vinto.	0	0	2	0,0	fUTgr?Eu,kuARztUC
725	Mi ha dato uno schiaffo?	1	1	3	1,1,1	fUTgr?Eu,i5VZ9EBr,CtecEp6w
332	Se sapesse che ha l'orologio, Riccardo domanderebbe l'ora a Gabriele.	1	1	3	1,1,1	fUTgr?Eu,chcRfurI,mZ4JRJwL
456	È partito dopo aver salutato Andrea.	1	1	4	1,1,1,1	fUTgr?Eu,chcRfurI,!GXFVVUQ,kuARztUC
7865	Che libro dice che il professore ha raccomandato di leggere?	1	0	3	0,0,0	fUTgr?Eu,chcRfurI,xr0!?w5q
670	Andrea promette a Paola di partire domani.	1	1	3	0,1,1	fUTgr?Eu,YcyQYgHG,mZ4JRJwL
6266	Emma è riguardata da questa storia.	0	0	4	0,1,0,0	fUTgr?Eu,FclsoYiw,8KPPTUn4,Oe2l2!ZN
9619	Le casse sono la carica del camion.	0	0	3	0,0,0	FclsoYiw,OeynLncz,93O5KCwA
5734	I prezzi sono aumentatissimi.	0	0	2	0,0	FclsoYiw,l6q79feM
5686	I vestiti si sono fatti logori.	0	0	2	0,0	FclsoYiw,l6q79feM
1001	La carne si sta bruciando.	1	1	2	1,1	FclsoYiw,l6q79feM
1043	Li hanno arrestati tutti.	1	1	2	1,1	FclsoYiw,l6q79feM
5303	Il forte urto ha tagliato il vetro.	0	0	2	0,0	FclsoYiw,l6q79feM
1288	Il film annoia gli spettatori.	1	1	2	1,1	FclsoYiw,l6q79feM
7937	È venire fino a Napoli che non voglio.	1	0	2	0,0	FclsoYiw,l6q79feM
4524	Leonardo ha spezzato Paola sul braccio.	0	0	2	0,0	FclsoYiw,l6q79feM
8856	Andate al cinema?	1	1	4	1,1,1,1	FclsoYiw,l6q79feM,OeynLncz,93O5KCwA
818	Oggi piove.	1	1	2	1,1	FclsoYiw,l6q79feM
6234	Paola rubò il cuore, che era artificiale, a Gabriele.	0	0	2	0,0	FclsoYiw,l6q79feM
4794	Maria può la partenza.	0	0	2	0,0	FclsoYiw,l6q79feM
8839	Ti aiuto a studiare.	1	1	4	1,1,1,1	FclsoYiw,l6q79feM,OeynLncz,93O5KCwA
7565	Non c'è sempre una concordanza sui fatti tra Alice e le parole.	0	1	2	1,1	FclsoYiw,l6q79feM
1105	Nessun paese può uscire dalla crisi da solo.	1	1	3	0,1,1	FclsoYiw,l6q79feM,exQKDQzP
4385	Il professore ulula.	0	0	3	0,1,0	FclsoYiw,l6q79feM,exQKDQzP
164	Tommaso non è, credo, molto intelligente.	1	0	3	0,1,0	FclsoYiw,l6q79feM,exQKDQzP
7848	Avendo io sempre sostenuto una posizione diversa, dovrò votare contro questa proposta.	1	1	3	1,1,1	FclsoYiw,l6q79feM,exQKDQzP
4622	Beatrice ha chiamato sua figlia come Giulia.	0	1	3	1,1,0	FclsoYiw,l6q79feM,exQKDQzP
309	Il suo timore della guerra è ingiustificato.	1	1	2	1,1	FclsoYiw,exQKDQzP
9469	Riccardo è diventato magro.	0	1	3	1,1,1	FclsoYiw,vcpBOSIq,h!dFIcoS
554	So che il professore ha raccomandato di leggere "Le strutture della sintassi".	0	1	3	1,0,1	FclsoYiw,83X8deXU,Okj0FfwW
310	La guerra è molto temuta da Edoardo.	1	1	2	1,1	FclsoYiw,Okj0FfwW
7847	Tommaso ha affermato che Edoardo parla.	1	1	2	1,1	FclsoYiw,l6q79feM
3508	Lo scompiglio dipende da che Alice è partita improvvisamente.	0	0	2	0,0	FclsoYiw,xr0!?w5q
4738	Paola disobbedisce che si faccia ciò.	0	0	3	0,0,0	FclsoYiw,8KPPTUn4,mZ4JRJwL
270	Tommaso non sa dove trovare Emma.	1	1	3	1,1,1	l6q79feM,CPR730mE,YcyQYgHG
2063	Lorenzo termina il fiume qui.	0	0	4	0,0,0,0	l6q79feM,chcRfurI,!GXFVVUQ,kuARztUC
381	Ne arrivano molti.	1	1	3	1,1,1	l6q79feM,chcRfurI,CPR730mE
850	Che ore sono?	1	1	3	1,1,1	l6q79feM,8KPPTUn4,YcyQYgHG
291	Hanno eletto Gabriele presidente.	1	1	3	1,1,1	exQKDQzP,8KPPTUn4,83X8deXU
8752	Lorenzo ha incontrato Sofia la settimana scorsa.	1	1	3	1,1,1	chcRfurI,OeynLncz,93O5KCwA
414	La persona di che ho parlato è il mio miglior amico.	0	0	2	0,0	chcRfurI,Res5lRUk
7784	Beatrice separa Edoardo contro Alice.	0	0	2	0,0	chcRfurI,!GXFVVUQ
8758	Lo e la ho incontrato.	0	0	3	0,0,1	chcRfurI,HqNvyXsw,h!dFIcoS
612	La gente che va alla Normale che ama la fisica otterrà il laboratorio.	1	0	3	0,0,0	Res5lRUk,xr0!?w5q,!GXFVVUQ
1113	Accuratamente non mi pare che sia stato fatto, questo lavoro.	1	0	3	0,0,0	Res5lRUk,GpoUCSNr,K!Fjtvbp
8833	Quale paese Leonardo ha l'opinione che invaderanno?	0	0	3	0,0,0	Res5lRUk,OeynLncz,93O5KCwA
1924	La vasca si è svuotata alle 7 in punto.	0	1	4	1,1,1,1	Res5lRUk,wGYiqk46,GpoUCSNr,8nalqqw4
7135	Andrea dette una presa al toro per le corna.	0	0	3	0,0,1	Res5lRUk,GpoUCSNr,8nalqqw4
9530	Il cuore che Aurora rubò a Francesco era già impegnato.	0	1	3	1,1,1	Res5lRUk,OeynLncz,93O5KCwA
2566	Maria lo obbedisce a Riccardo.	0	0	2	0,0	Res5lRUk,K!Fjtvbp
729	Parigi è antica, popolata, democratica e piena di vita.	1	1	2	1,1	8KPPTUn4,Res5lRUk
728	Ho letto il libro.	1	1	2	1,1	8KPPTUn4,Res5lRUk
8221	Emma dubita di che Alice parta.	0	0	4	0,0,0,0	8KPPTUn4,wGYiqk46,vcpBOSIq,Okj0FfwW
3202	I difensori munirono aura nella città.	0	0	2	0,0	8KPPTUn4,Res5lRUk
5961	L'esplosione è rompente.	0	0	2	0,0	8KPPTUn4,wGYiqk46
3905	Leonardo vi scommette che Edoardo partirà.	0	0	2	0,0	8KPPTUn4,wGYiqk46
2195	Alessandro mette le casse al camion.	0	0	2	0,0	8KPPTUn4,wGYiqk46
1317	Dato che sei in ritardo, non possiamo più andare al cinema.	1	1	2	1,1	8KPPTUn4,wGYiqk46
531	I nemici hanno subito una sconfitta.	1	1	2	1,1	8KPPTUn4,wGYiqk46
7899	Io sono affamato.	1	1	2	1,1	8KPPTUn4,wGYiqk46
9016	Gabriele addossò il banco.	0	0	4	0,1,0,0	8KPPTUn4,wGYiqk46,OeynLncz,93O5KCwA
311	La guerra è molto temuta.	1	1	3	1,1,1	8KPPTUn4,vcpBOSIq,Okj0FfwW
2889	Maria ricompare da Venezia in America.	0	0	2	0,0	wGYiqk46,Okj0FfwW
387	Chi ha dato un libro a Riccardo?	1	1	3	1,1,0	wGYiqk46,wlqjYAbp,YcyQYgHG
384	Maria mi è sembrata parlare a vanvera.	1	1	2	1,1	wGYiqk46,?3jT8hWW
1648	La cura è guarita.	0	0	5	0,0,0,1,0	wGYiqk46,6XGBQLCG,?3jT8hWW,eJJOD66g,y5SD83hf
480	Quando non sai che argomento discuteremo?	0	0	2	0,0	wGYiqk46,6XGBQLCG
8773	Dentro il sacco a pelo, Edoardo ha dormito.	1	0	3	0,0,1	wGYiqk46,HBXnmxf2,h!dFIcoS
3528	Riccardo approva ciò che Giulia parte.	0	0	2	0,0	wGYiqk46,HqNvyXsw
1308	Il bandito ha tentato la fuga.	1	1	2	1,1	wGYiqk46,nWOrC?wr
8275	Maria ce lo ha scommesso.	0	0	3	0,0,0	wGYiqk46,8nalqqw4,nWOrC?wr
9607	Alessandro è di una rigida condotta morale di Mattia.	0	0	3	0,0,0	vcpBOSIq,OeynLncz,93O5KCwA
8896	Vive in America da tre anni; ha una fabbrica di scarpe.	1	1	3	1,1,1	vcpBOSIq,OeynLncz,93O5KCwA
8908	Dopo il primo scroscio di pioggia il tempo è tornato bello.	1	1	3	1,1,1	vcpBOSIq,OeynLncz,93O5KCwA
5715	I prezzi sono diventati aumentati.	0	0	2	0,0	vcpBOSIq,HqNvyXsw
7852	La sedia su cui ti sei seduto è rotta.	1	1	3	1,1,1	vcpBOSIq,CPR730mE,nWOrC?wr
7909	Prendimi quell'aggeggio.	1	1	4	1,1,1,1	vcpBOSIq,?3jT8hWW,oVqvl2SU,UfynjwNK
9480	Paola si preoccuperà per l'organizzazione di quell'evento per farlo ben riuscire.	0	1	5	0,0,1,1,1	vcpBOSIq,83X8deXU,OeynLncz,93O5KCwA,ytitvUVq
535	Tommaso ha preso un libro in biblioteca.	1	1	4	1,1,1,1	vcpBOSIq,TK87TLue,oVqvl2SU,Okj0FfwW
8786	Giulia ha visto lui uscire dal cinema.	1	0	5	0,0,1,0,0	83X8deXU,ofsr1oq!,OeynLncz,93O5KCwA,ytitvUVq
9528	Le tappe sono state bruciate da Francesco.	0	1	5	1,1,1,0,0	83X8deXU,ofsr1oq!,OeynLncz,93O5KCwA,ytitvUVq
1183	Stronca e spoglia il re in battaglia.	1	1	2	1,1	83X8deXU,ofsr1oq!
1124	Io sì che sono d'accordo di uscire.	1	1	3	0,1,1	83X8deXU,wlqjYAbp,TK87TLue
8119	Lorenzo distribuisce mattone.	0	0	2	0,0	83X8deXU,oVqvl2SU
4584	Sofia ha messo i vestiti e ciò è avvenuto nell'armadio.	0	0	3	0,1,0	83X8deXU,wlqjYAbp,YcyQYgHG
9187	Vittoria desidera a ciò.	0	1	2	1,1	83X8deXU,h!dFIcoS
1958	Ho notato il livello del fiume alzato.	0	0	2	0,0	83X8deXU,HqNvyXsw
159	Dentro il sacco a pelo, Riccardo ci ha dormito.	1	1	3	1,1,1	83X8deXU,HBXnmxf2,vigRB?I4
9297	Quell'uomo fotografa che tu te ne vai.	0	0	4	0,1,0,0	ofsr1oq!,OeynLncz,93O5KCwA,ytitvUVq
8780	In quale cassetto hai detto che Riccardo ha messo i fogli?	1	1	4	0,1,1,1	HqNvyXsw,OeynLncz,93O5KCwA,ytitvUVq
9511	Il libro sta in sedia.	0	0	4	0,0,0,0	HqNvyXsw,OeynLncz,93O5KCwA,ytitvUVq
1864	Bollire la pentola.	0	1	4	0,1,1,1	HqNvyXsw,LJrezo0X,8nalqqw4,CPR730mE
8025	Il bosco si è bruciato per tre ore.	0	0	2	0,0	HqNvyXsw,Okj0FfwW
7954	Questa macchina è vecchia ma nuova.	1	0	2	0,0	HqNvyXsw,K!Fjtvbp
3518	Giulia abbandona che Alessandro arrivi in tempo.	0	0	4	1,0,0,0	HqNvyXsw,FfaOmSNS,IMJV8LBI,sILNPr9X
4261	Alice studia e ciò avviene la matematica.	0	0	4	0,0,0,0	HqNvyXsw,EIa5dpWt,00QU5kmj,8nalqqw4
747	Alessandro dice bugie, Edoardo no.	1	1	4	1,1,1,0	HqNvyXsw,Res5lRUk,K!Fjtvbp,Okj0FfwW
1730	Il treno è fermato a Roma.	0	0	2	0,0	HqNvyXsw,FfaOmSNS
9260	Mattia sale dalla camera.	0	0	4	0,0,0,0	LJrezo0X,OeynLncz,93O5KCwA,ytitvUVq
9195	Tu desideri che tu venga.	0	0	4	0,0,0,0	LJrezo0X,OeynLncz,93O5KCwA,ytitvUVq
7804	Il mio lo preferito è la Divina Commedia.	0	0	2	0,0	LJrezo0X,nWOrC?wr
637	Mezzanotte, il poliziotto catturò il ladro a.	0	0	3	0,0,1	LJrezo0X,6XGBQLCG,dDk9ABIQ
4978	Per la vedere...	0	0	3	0,0,0	LJrezo0X,HBXnmxf2,EIa5dpWt
1262	Il bambino ha mangiato.	1	1	2	1,1	LJrezo0X,GpoUCSNr
8803	Che cosa hai parlato su?	0	0	4	0,0,0,0	LJrezo0X,OeynLncz,93O5KCwA,ytitvUVq
3615	Edoardo allieta Maria che Emma ride.	0	0	2	0,0	LJrezo0X,8nalqqw4
7129	Il mio personal corre le cavalline.	0	0	2	0,0	LJrezo0X,?3jT8hWW
8877	Facevamo il bagno ogni giorno.	1	1	2	1,1	LJrezo0X,h!dFIcoS
613	Andrea, che va alla Normale, che ama la fisica, otterrà il laboratorio.	0	0	4	0,0,0,1	LJrezo0X,GpoUCSNr,HBXnmxf2,8nalqqw4
6847	Tommaso ama i castori.	0	1	2	1,1	LJrezo0X,CPR730mE
1123	E io che sto parlando.	0	0	3	0,1,0	Res5lRUk,FfaOmSNS,K!Fjtvbp
1289	Il professore annoia gli studenti.	1	1	2	1,1	GpoUCSNr,HBXnmxf2
8777	Sembra che Tommaso sia partito.	1	1	2	1,1	GpoUCSNr,h!dFIcoS
668	Quale paese crede Riccardo che invaderanno?	1	0	3	0,0,0	GpoUCSNr,6XGBQLCG,CPR730mE
268	Francesco ha ordinato a Maria di lei studiare ogni giorno.	0	0	2	0,0	GpoUCSNr,HBXnmxf2
205	Gli risponderò domani, a Riccardo.	1	0	2	0,0	GpoUCSNr,YcyQYgHG
9487	Francesco viene preoccupato da questa situazione.	0	0	4	0,0,0,0	GpoUCSNr,OeynLncz,93O5KCwA,ytitvUVq
600	Penso di prenderlo.	1	1	3	1,1,0	GpoUCSNr,6XGBQLCG,HBXnmxf2
8403	Beatrice le scappa a comprare.	0	0	3	0,1,0	GpoUCSNr,HBXnmxf2,CPR730mE
1888	La tua reazione ha pentito Tommaso.	0	0	4	0,0,0,0	GpoUCSNr,EIa5dpWt,IMJV8LBI,8nalqqw4
1541	Gabriele pedala la bicicletta	0	0	6	0,0,0,0,1,0	GpoUCSNr,6XGBQLCG,?3jT8hWW,FfaOmSNS,nWOrC?wr,dDk9ABIQ
939	Questa storia non mi piace.	1	1	2	1,1	6XGBQLCG,HBXnmxf2
1011	Sono sicuro che sia arrivato.	1	1	2	1,1	6XGBQLCG,HBXnmxf2
978	Il padrone legge il libro.	1	1	2	1,1	6XGBQLCG,HBXnmxf2
8633	Il giardiniere ha potato il barboncino di Edoardo.	0	0	2	0,0	6XGBQLCG,HBXnmxf2
2319	Francesco rinchiuse il denaro.	0	0	2	0,0	6XGBQLCG,HBXnmxf2
6942	La zanzara ha acchiappato una forte cotta per Tommaso.	0	0	2	0,0	6XGBQLCG,HBXnmxf2
724	Mi ha dato uno schiaffo … o una carezza violenta?	1	1	2	1,1	6XGBQLCG,HBXnmxf2
1558	Si è subito familiarizzato con tutti.	0	0	5	0,0,0,0,1	6XGBQLCG,?3jT8hWW,HBXnmxf2,eJJOD66g,vigRB?I4
7333	Emma ha riso a quattro palmenti.	0	0	5	1,0,0,0,1	6XGBQLCG,?3jT8hWW,HBXnmxf2,eJJOD66g,vigRB?I4
450	Andrea sembrava conoscere Beatrice.	1	1	3	1,1,1	6XGBQLCG,HBXnmxf2,CPR730mE
699	Alessandro è un canarino ed è un uccello.	1	0	2	0,0	6XGBQLCG,FfaOmSNS
1933	L'acqua è evaporata alle 7.	0	0	3	0,1,0	6XGBQLCG,fzThuNe2,t1?OR2fX
7864	Il coniglio mangia.	1	1	2	1,1	6XGBQLCG,00QU5kmj
812	Tuo fratello ha preso la macchina.	1	1	2	1,1	6XGBQLCG,wlqjYAbp
499	Alessandro pensa di comprarlo.	1	1	4	1,1,1,1	6XGBQLCG,?3jT8hWW,eJJOD66g,vigRB?I4
8577	L'aereo approdarono.	0	0	4	0,0,0,1	6XGBQLCG,?3jT8hWW,eJJOD66g,vigRB?I4
1173	Certo, è possibile una cosa del genere.	1	1	3	1,1,1	?3jT8hWW,HBXnmxf2,YcyQYgHG
1024	X assunse la Vergine in cielo.	0	0	2	0,0	?3jT8hWW,FfaOmSNS
4159	È quel quadro che di Picasso angoscia l'amica di Maria.	0	1	3	0,1,1	?3jT8hWW,00QU5kmj,69YGNH2F
4720	Maria va da Napoli.	0	0	2	0,0	?3jT8hWW,UfynjwNK
2585	Sofia ci nuota verso.	0	0	3	0,0,0	?3jT8hWW,HBXnmxf2,eJJOD66g
1845	Andrea è continuato.	0	0	3	0,0,1	?3jT8hWW,eJJOD66g,vigRB?I4
803	Tommaso ha avuto un incidente!	1	1	3	1,1,1	?3jT8hWW,eJJOD66g,vigRB?I4
2806	La piazza pullula nuovamente.	0	1	3	1,1,1	?3jT8hWW,eJJOD66g,vigRB?I4
571	Una vecchia legge la regola.	1	0	3	0,0,1	?3jT8hWW,eJJOD66g,vigRB?I4
7806	Lorenzo ha detto che Andrea ha parlato con Riccardo.	1	1	3	1,1,1	?3jT8hWW,eJJOD66g,vigRB?I4
7587	La ferita espelleva pus verso sé.	0	0	3	0,0,1	?3jT8hWW,eJJOD66g,vigRB?I4
7873	Alessandro crede che invaderemo quel paese.	1	1	3	1,1,1	?3jT8hWW,eJJOD66g,vigRB?I4
9403	Non voleva che pensasse che ciò fosse la sua preoccupazione e così non le fece domanda che aveva pensato di farle e che l'avrebbe fatta infuriare.	0	0	5	0,0,0,1,0	?3jT8hWW,eJJOD66g,OeynLncz,93O5KCwA,ytitvUVq
2396	Leonardo guardano Maria.	0	0	2	0,0	?3jT8hWW,eJJOD66g
7958	Tommaso abita da dieci anni.	0	0	2	0,0	?3jT8hWW,eJJOD66g
8505	Maria ha fatto preoccupare Gabriele dalla fidanzata.	0	0	4	0,0,0,0	?3jT8hWW,wlqjYAbp,eJJOD66g,Ip9?Tib6
871	Il medico che vedemmo.	1	0	4	0,1,0,0	?3jT8hWW,wlqjYAbp,eJJOD66g,Ip9?Tib6
1196	Il 16 luglio 1969 l'astronave Apollo 11 decollò da Cape Kennedy per il primo sbarco sulla luna.	1	1	2	1,1	?3jT8hWW,Ip9?Tib6
6979	Tommaso non spetta più di Emma.	0	0	2	0,0	?3jT8hWW,TK87TLue
380	Arrivano molti studenti.	1	1	2	1,1	wlqjYAbp,oVqvl2SU
5491	Il governo ha aumentato le tasse del 30 % per 5 anni.	0	1	3	1,0,1	wlqjYAbp,TK87TLue,UfynjwNK
2383	Leonardo accosta la barca nel molo.	0	1	3	1,1,1	wlqjYAbp,TK87TLue,UfynjwNK
9684	Le speranze di Leonardo raddoppiano se stesse.	0	1	2	1,1	wlqjYAbp,h!dFIcoS
765	Il figlio di Maria è arrivato tardi.	1	1	4	1,1,1,1	TK87TLue,eJJOD66g,Ip9?Tib6,oVqvl2SU
212	Alessandro ha riconosciuto i suoi errori.	1	1	4	1,1,1,0	TK87TLue,eJJOD66g,Ip9?Tib6,oVqvl2SU
1537	Il terremoto ha tremato la terra.	0	0	4	0,0,0,0	TK87TLue,eJJOD66g,Ip9?Tib6,oVqvl2SU
947	Lui ama il cinema, io no.	1	1	4	1,1,1,1	TK87TLue,eJJOD66g,Ip9?Tib6,oVqvl2SU
801	Ho passato mezz'ora con lui e poi l'ho lasciato.	1	1	5	1,1,1,1,0	TK87TLue,eJJOD66g,Ip9?Tib6,oVqvl2SU,jjt!Anoh
7955	Leonardo non conosce Maria.	1	1	5	1,1,1,1,0	TK87TLue,eJJOD66g,Ip9?Tib6,oVqvl2SU,jjt!Anoh
1472	Il vestito si è foderato.	0	0	5	0,0,0,0,0	TK87TLue,eJJOD66g,Ip9?Tib6,oVqvl2SU,cJoucJWN
1724	Il vino ha macchiato.	0	0	5	0,1,0,1,0	TK87TLue,eJJOD66g,Ip9?Tib6,oVqvl2SU,jjt!Anoh
2841	La tibia e il perone di Leonardo fremono per il terrore.	0	0	3	0,1,0	TK87TLue,eJJOD66g,oVqvl2SU
9050	Essi guarda Giorgia.	0	0	6	0,0,0,0,0,0	TK87TLue,eJJOD66g,oVqvl2SU,OeynLncz,93O5KCwA,ytitvUVq
678	Qualcuno ha ferito Riccardo.	1	1	3	1,1,1	TK87TLue,eJJOD66g,oVqvl2SU
2974	Maria studia il comportamento a Riccardo.	0	0	4	0,0,0,0	TK87TLue,eJJOD66g,oVqvl2SU,jjt!Anoh
1110	Con Francesco non siamo mai stati a cena.	1	1	5	1,0,0,1,1	TK87TLue,eJJOD66g,oVqvl2SU,EIa5dpWt,Rxe71ZnA
9233	La situazione le comporta di accompagnarvi al cinema.	0	0	7	0,0,1,0,0,0,0	TK87TLue,oVqvl2SU,EIa5dpWt,Rxe71ZnA,OeynLncz,93O5KCwA,ytitvUVq
898	Buongiorno! Se si vuole accomodare…	1	0	4	1,0,0,0	TK87TLue,EIa5dpWt,Rxe71ZnA,jjt!Anoh
8764	Ne gli ho dati.	0	0	6	1,0,0,0,0,0	TK87TLue,EIa5dpWt,ZFvFx9Vr,OeynLncz,93O5KCwA,ytitvUVq
4031	Francesco continua al pasto.	0	0	2	0,0	TK87TLue,cJoucJWN
390	In quale città hai fatto un comizio?	1	1	2	1,1	TK87TLue,EIa5dpWt
1923	Il treno si è fermato in un'ora.	0	0	2	0,0	TK87TLue,EIa5dpWt
4075	Edoardo può il pasto.	0	0	2	0,0	TK87TLue,EIa5dpWt
4983	Una volta lo comprato, Tommaso andrà a nuotare.	0	0	3	0,0,0	TK87TLue,EIa5dpWt,jjt!Anoh
4180	È bacia Andrea che Paola.	0	0	2	0,0	TK87TLue,EIa5dpWt
8251	Beatrice lo giudica che Maria ha troppi amanti.	0	0	2	0,0	TK87TLue,EIa5dpWt
1443	Maria antepone i figli.	0	0	2	0,0	TK87TLue,EIa5dpWt
329	Riccardo domanda l'ora a Leonardo.	1	0	3	1,0,0	TK87TLue,EIa5dpWt,jjt!Anoh
8867	Siamo arrivati tardi ma lo immaginavamo.	1	1	6	1,0,0,1,1,1	TK87TLue,EIa5dpWt,ZFvFx9Vr,OeynLncz,93O5KCwA,ytitvUVq
1254	Fare attenzione.	1	0	2	0,0	TK87TLue,EIa5dpWt
665	Dopo che ebbe salutato la moglie, Riccardo uscì.	1	1	2	1,1	TK87TLue,EIa5dpWt
6946	Leonardo pratica una rigida condotta morale di Gabriele.	0	0	3	0,0,0	TK87TLue,oVqvl2SU,UfynjwNK
5713	Il bullone è diventato svitato.	0	0	3	0,0,0	TK87TLue,Ip9?Tib6,oVqvl2SU
323	Alessandro si è accorto Lorenzo.	0	1	3	1,1,0	TK87TLue,EIa5dpWt,jjt!Anoh
1304	Passami il sale!	1	1	2	1,1	TK87TLue,Okj0FfwW
1929	In un'ora è sorto il sole.	0	0	2	0,0	HBXnmxf2,K!Fjtvbp
9419	Francesco ha diplomato se stesso.	0	0	3	0,0,1	HBXnmxf2,EIa5dpWt,h!dFIcoS
237	Non so che cosa Riccardo abbia comprato.	1	1	2	1,1	eJJOD66g,Ip9?Tib6
305	Edoardo ha convinto suo figlio dell'utilità di studiare il latino.	1	1	2	1,1	eJJOD66g,Ip9?Tib6
710	Questa corte dichiara l'imputato innocente.	1	1	2	1,1	eJJOD66g,Ip9?Tib6
706	Se qualche studente non ha superato l'esame, allora ogni studente ha superato l'esame.	1	0	2	0,0	eJJOD66g,Ip9?Tib6
29	Il sindaco parlerà dopo.	1	1	2	1,1	eJJOD66g,Ip9?Tib6
94	Ho incontrato Lorenzo e Paola.	1	1	2	1,1	eJJOD66g,Ip9?Tib6
142	Lorenzo è tornato l'anno scorso nella sua città natale.	1	1	2	1,1	eJJOD66g,Ip9?Tib6
3608	Mi meraviglia me il fatto che Beatrice sia svestita.	0	0	5	0,0,0,0,0	eJJOD66g,wgWvRcwc,mUnENBws,fl0Zk3zH,YfAnLxGO
7754	Il cacciatore ha centrato il mirino.	0	1	4	1,1,1,0	eJJOD66g,y6DhlGjr,KrqDYVRQ,93O5KCwA
6169	Tutti gettano il martello addosso a Leonardo.	0	1	2	1,1	eJJOD66g,Ip9?Tib6
1225	Mangio volentieri pesce.	1	1	2	1,1	eJJOD66g,Ip9?Tib6
7845	Alessandro è bramoso di potere.	1	1	2	1,1	eJJOD66g,Ip9?Tib6
7198	Paola tiene faccia al nemico.	0	0	2	0,0	eJJOD66g,Ip9?Tib6
4316	Sofia mangia il CD.	0	0	3	0,0,0	oVqvl2SU,E5uCIZHH,cJoucJWN
303	Riccardo ha domandato l'ora.	1	1	3	1,0,1	oVqvl2SU,EIa5dpWt,UfynjwNK
8904	Ho subito diverse crudeltà da lui.	1	1	2	1,1	oVqvl2SU,h!dFIcoS
8446	L'auto ha schiacciato l'acceleratore.	0	0	2	0,0	oVqvl2SU,K!Fjtvbp
922	La casa al mare ce l'hanno tutti.	1	1	3	1,1,1	oVqvl2SU,Okj0FfwW,UfynjwNK
4467	I bambini ci hanno calpestate.	0	0	2	0,0	EIa5dpWt,uXGZ4s50
580	Il giovanotto sostiene che lui dice sempre la verità.	1	1	2	1,1	EIa5dpWt,FfaOmSNS
6181	La prego, tenga disinfettante in bocca.	0	0	2	0,0	EIa5dpWt,FfaOmSNS
8869	Andrea guidò una folla, io un esercito.	1	1	5	1,0,1,1,1	FfaOmSNS,ZFvFx9Vr,OeynLncz,93O5KCwA,ytitvUVq
9461	La stanza si è fatta ingrandita.	0	0	5	0,0,1,1,0	FfaOmSNS,ZFvFx9Vr,OeynLncz,93O5KCwA,ytitvUVq
6414	Lorenzo si assonnò.	0	0	2	0,0	FfaOmSNS,00QU5kmj
245	Dato che Riccardo è arrivato tardi, abbiamo dovuto cenare in fretta.	1	1	2	1,1	FfaOmSNS,00QU5kmj
7933	Quel ragazzo apre la porta.	1	1	2	1,1	FfaOmSNS,00QU5kmj
814	Mi sono accorto di lui da poco tempo.	1	1	2	1,1	FfaOmSNS,00QU5kmj
1902	Le rose sono sfiorite per un'ora.	0	0	2	0,0	FfaOmSNS,00QU5kmj
8113	Riccardo ci viene da Roma.	0	0	2	0,0	FfaOmSNS,00QU5kmj
7916	Fa male la mia testa.	0	0	3	0,0,0	FfaOmSNS,00QU5kmj,jjt!Anoh
3825	Alessandro si pente che parla male di Maria.	0	0	2	0,0	FfaOmSNS,00QU5kmj
6419	La nave atterrò.	0	0	2	0,0	FfaOmSNS,Okj0FfwW
7787	Tommaso negozia l'acquisto della casa all'agenzia.	0	0	2	0,0	FfaOmSNS,00QU5kmj
1433	La pena di morte ha abolita.	0	0	3	0,0,0	00QU5kmj,Oe2l2!ZN,YcyQYgHG
8268	Da quest'analisi risulta il nostro partire.	0	0	2	0,0	FfaOmSNS,Okj0FfwW
5664	Ha reso il piede gonfiato.	0	0	5	0,0,0,0,0	FfaOmSNS,I7v94qHY,X2prWwzC,d?suZO!D,92nW9Gjw
5992	Lorenzo secca di quella situazione.	0	0	4	0,0,0,0	00QU5kmj,94P6KtbM,mUnENBws,Vbs6jYw2
8824	Tommaso ha trovato una foto di qualcuno.	1	1	2	1,1	00QU5kmj,94P6KtbM
6935	La zanzara ha una forte cotta per Edoardo.	0	0	3	0,0,0	00QU5kmj,dnd4uhif,Eqy3Aea2
2640	Paola eredita una fortuna che è da Emma.	0	0	2	0,0	00QU5kmj,Sr2dmLja
7921	È venuto qualcuno.	1	1	2	1,1	94P6KtbM,dd640LRG
28	La mia lettura preferita è stata la Divina Commedia.	1	1	2	1,1	94P6KtbM,92nW9Gjw
131	Edoardo dice che Tommaso lo ha ingannato.	1	1	3	1,1,1	94P6KtbM,dd640LRG,92nW9Gjw
367	Alice è stata salutata da Gabriele.	1	1	2	1,1	94P6KtbM,cJoucJWN
4490	Quell'uomo ci ha fotografato.	0	1	5	1,1,1,0,0	94P6KtbM,pri2Drl4,j3NeYHsi,d?suZO!D,92nW9Gjw
1356	Il sapone ha sparito la macchia.	0	0	2	0,0	94P6KtbM,mUnENBws
6206	Riccardo ha bruciato i traguardi.	0	1	2	1,1	94P6KtbM,92nW9Gjw
6035	Le sue mani si sono legate.	0	0	4	0,1,0,0	94P6KtbM,Eqy3Aea2,o8WK4?x3,Sr2dmLja
8759	Ho incontrato la, non lo.	0	0	7	0,1,0,1,0,0,0	94P6KtbM,ZFvFx9Vr,F1?xscTP,OeynLncz,93O5KCwA,ytitvUVq,rwzy4gYv
5969	Lo stato di salute di mia madre mi preoccupa subito.	0	0	2	0,0	94P6KtbM,lY2Ep0os
403	Non sai che cosa Maria leggerà domani sera.	1	1	2	1,1	94P6KtbM,ApnCHpJN
242	Il fatto che i soldati si siano comportati così non ha meravigliato nessuno.	1	1	2	1,1	94P6KtbM,Ke1PzR07
7853	Questa è la persona con cui Edoardo ha fatto l'affermazione che Tommaso ha parlato.	0	0	2	0,0	94P6KtbM,sILNPr9X
7364	Ciò crocifigge questa persona.	0	1	3	1,0,1	94P6KtbM,IMJV8LBI,3u3JyFWf
8894	Questo libro, la matematica proprio non mi piace.	1	0	4	0,1,0,0	ZFvFx9Vr,OeynLncz,93O5KCwA,ytitvUVq
8879	È vero che piove.	1	1	4	0,1,1,1	ZFvFx9Vr,OeynLncz,93O5KCwA,ytitvUVq
9091	Il cielo splende di una stella.	0	0	4	0,1,0,0	ZFvFx9Vr,OeynLncz,93O5KCwA,ytitvUVq
8853	Perché sia venuto è un mistero.	1	1	4	0,1,1,1	ZFvFx9Vr,OeynLncz,93O5KCwA,ytitvUVq
8800	Questa è la persona che Riccardo ha fatto l'affermazione che Alessandro apprezza di più.	0	0	4	0,1,0,0	ZFvFx9Vr,OeynLncz,93O5KCwA,ytitvUVq
8911	La fuga del bandito non è riuscita.	1	1	4	0,1,1,1	ZFvFx9Vr,OeynLncz,93O5KCwA,ytitvUVq
9339	Francesco va al fumo.	0	0	6	0,1,1,0,0,0	ZFvFx9Vr,F1?xscTP,OeynLncz,93O5KCwA,ytitvUVq,rwzy4gYv
9181	Una donna aveva separato Leonardo a Lorenzo.	0	0	5	0,0,1,1,0	ZFvFx9Vr,F1?xscTP,OeynLncz,93O5KCwA,rwzy4gYv
9227	Edoardo abbaia ad Aurora che ha fame.	1	0	3	0,0,0	ZFvFx9Vr,KrqDYVRQ,93O5KCwA
627	Gabriele vuole di andare al mare.	0	0	3	0,0,0	ZFvFx9Vr,F1?xscTP,Ugvo2lSV
9394	Beatrice pensa che tutto proceda nel migliore dei modi.	1	1	3	0,1,1	ZFvFx9Vr,h!dFIcoS,mUnENBws
8296	Edoardo parte a Parigi.	0	1	3	1,1,0	ZFvFx9Vr,Ugvo2lSV,93O5KCwA
2625	Sofia e il film si vedono.	0	0	3	0,0,0	ZFvFx9Vr,F1?xscTP,Ugvo2lSV
9350	Alessandro ha messo Aurora nel sacco.	1	1	5	1,1,1,1,0	ZFvFx9Vr,SLVqmuMr,mUnENBws,DBlF5lyy,iqd74Hi2
9056	Che tu venga è un fatto.	1	1	3	1,1,1	ZFvFx9Vr,mUnENBws,WQHW5pZ6
9200	Il suo dimenare il corpo sconvolge i presenti.	1	1	5	1,0,1,1,1	ZFvFx9Vr,h!dFIcoS,mUnENBws,C62PYy1K,rwzy4gYv
8821	Se stesso guarda Andrea.	0	0	4	0,1,0,0	F1?xscTP,OeynLncz,93O5KCwA,rwzy4gYv
9092	Il cielo scintilla di una stella.	0	0	4	0,1,0,0	F1?xscTP,OeynLncz,93O5KCwA,rwzy4gYv
8792	Tommaso ha promesso a Leonardo di difenderlo.	1	1	4	1,1,1,0	F1?xscTP,OeynLncz,93O5KCwA,rwzy4gYv
8899	L'alito gli appannò gli occhiali.	1	1	4	1,1,1,0	F1?xscTP,OeynLncz,93O5KCwA,rwzy4gYv
9102	Quell'idea spunta nel suo animo.	0	0	4	0,1,0,0	F1?xscTP,OeynLncz,93O5KCwA,rwzy4gYv
8767	Andrea dice che Tommaso ha ingannato solo se stesso.	1	1	4	1,1,1,0	F1?xscTP,OeynLncz,93O5KCwA,rwzy4gYv
8811	Beatrice è stata baciata da Edoardo.	1	1	4	1,1,1,0	F1?xscTP,OeynLncz,93O5KCwA,rwzy4gYv
8849	Il supremo diritto è la più grande ingiustizia.	1	1	4	1,1,1,1	F1?xscTP,OeynLncz,93O5KCwA,rwzy4gYv
9160	Andrea ci toglie il portafoglio.	0	1	4	1,1,1,0	F1?xscTP,OeynLncz,93O5KCwA,rwzy4gYv
3442	Una donna aveva separato Andrea con Gabriele.	0	0	5	0,1,0,1,0	F1?xscTP,SLVqmuMr,mUnENBws,DBlF5lyy,iqd74Hi2
549	Camminato Tommaso, ci siamo sentiti meglio.	0	0	6	0,0,0,0,1,0	F1?xscTP,mUnENBws,DBlF5lyy,iqd74Hi2,C62PYy1K,93O5KCwA
3947	Emma ne lo avvisa Edoardo.	0	0	2	0,0	F1?xscTP,mUnENBws
8927	Andrea noleggerà.	0	1	3	0,1,1	SLVqmuMr,OeynLncz,F2byQojD
8907	È partito ieri.	1	1	2	1,1	SLVqmuMr,F2byQojD
8783	Mattia ha promesso a Beatrice di lui studiare ogni giorno.	0	0	2	0,0	SLVqmuMr,F2byQojD
9144	Leonardo traforò la parete con tanti piccoli buchi.	1	1	3	1,1,1	F1?xscTP,h!dFIcoS,mUnENBws
8837	Ogni ragazzo ama una ragazza.	1	1	2	1,1	SLVqmuMr,F2byQojD
8912	È Andrea che lascia sempre in disordine la stanza.	1	1	2	1,1	SLVqmuMr,F2byQojD
8891	Quest'operazione vuol farla proprio lui.	1	0	2	0,0	SLVqmuMr,F2byQojD
8805	Tommaso e Giulia si amano.	1	1	2	1,1	SLVqmuMr,F2byQojD
9285	È Sofia che ha preso il toro per le corna e non Gabriele.	1	1	3	1,1,1	F1?xscTP,KrqDYVRQ,rwzy4gYv
9147	La spugna è imbevuta di acqua durante due ore.	0	0	2	0,0	SLVqmuMr,F2byQojD
5843	Lorenzo si è agitato ad Emma.	0	0	3	0,0,1	F1?xscTP,KrqDYVRQ,rwzy4gYv
9508	Giorgia ha messo il figlio a scuola svizzera.	0	0	2	0,0	SLVqmuMr,F2byQojD
9183	Una coppia esiste tra Edoardo ed Emma.	0	1	3	1,1,0	F1?xscTP,OeynLncz,rwzy4gYv
9209	Io condanno che Erode uccise i bambini	0	0	2	0,0	SLVqmuMr,F2byQojD
8979	Accorcia le giornate.	0	0	2	0,0	SLVqmuMr,F2byQojD
8864	Pochi soldati, solo tremila, caddero in battaglia.	1	1	2	1,1	SLVqmuMr,F2byQojD
9605	Il frigorifero sostiene una rigida condotta morale.	0	0	2	0,0	SLVqmuMr,F2byQojD
9692	C'è un concordato su Tommaso tra il prezzo dell'auto ed Edoardo.	0	0	3	1,0,0	SLVqmuMr,wgWvRcwc,kKyAP7X8
9374	Alessandro sa che è bello.	1	1	5	1,1,1,1,1	F1?xscTP,wgWvRcwc,mUnENBws,fl0Zk3zH,YfAnLxGO
9083	Un lento desiderio gli sonnecchiava nello spirito.	1	0	3	1,0,0	F1?xscTP,mUnENBws,YfAnLxGO
1943	Il gatto si è un po' morto.	0	0	3	0,0,0	SLVqmuMr,Ugvo2lSV,jTBbh5OX
3092	La gatta figliò dodici gattini nel divano.	0	0	4	0,0,0,0	SLVqmuMr,Ugvo2lSV,jTBbh5OX,kKyAP7X8
9689	Mattia possiede molti soldi.	1	1	5	1,1,1,1,0	SLVqmuMr,Ugvo2lSV,C62PYy1K,93O5KCwA,kKyAP7X8
9080	Emma traveste Sofia da principessa.	1	1	4	1,1,1,1	SLVqmuMr,mUnENBws,C62PYy1K,ytitvUVq
7802	Voglio di salutare Giulia.	0	0	6	0,0,1,0,0,0	SLVqmuMr,Ugvo2lSV,jTBbh5OX,cJoucJWN,C62PYy1K,kKyAP7X8
4527	Gabriele ha paralizzato Beatrice al braccio.	0	0	3	0,0,1	SLVqmuMr,jTBbh5OX,rwzy4gYv
4529	Riccardo ha spezzato Maria.	0	0	4	1,0,0,0	SLVqmuMr,mUnENBws,DBlF5lyy,iqd74Hi2
9492	Quel discorso è annoiato per Edoardo.	1	0	3	0,0,1	SLVqmuMr,mUnENBws,93O5KCwA
9586	La madre mise il bimbo nella culla.	1	1	5	1,1,1,1,0	SLVqmuMr,h!dFIcoS,mUnENBws,DBlF5lyy,iqd74Hi2
6952	Maria si è fortemente cotta di Andrea.	0	0	4	0,0,1,0	SLVqmuMr,Ugvo2lSV,jTBbh5OX,F2byQojD
6936	Il frigorifero ha preso una forte cotta per Edoardo.	0	0	5	0,0,1,0,0	F1?xscTP,X2prWwzC,mUnENBws,fl0Zk3zH,YfAnLxGO
9399	Quella donna Francesco la baciò.	1	0	3	0,0,0	SLVqmuMr,mUnENBws,ASUJx12A
9620	Il camion è il carico delle casse.	0	0	2	0,0	wgWvRcwc,kKyAP7X8
9537	Tommaso lasciò l'abito.	1	1	3	1,0,1	wgWvRcwc,mUnENBws,rwzy4gYv
8032	Il treno si è un po' fermato.	0	1	3	0,1,1	wgWvRcwc,mUnENBws,Vbs6jYw2
4468	I bambini vi hanno calpestate.	0	0	3	1,0,0	wgWvRcwc,mUnENBws,Vbs6jYw2
9603	Paola ha una forte cotta per Tommaso.	1	1	3	0,1,1	wgWvRcwc,mUnENBws,Vbs6jYw2
3716	Paola stima essere stupido fumare.	0	0	2	0,0	wgWvRcwc,mUnENBws
9054	Aurora lavora.	1	1	4	1,1,1,1	wgWvRcwc,mUnENBws,fl0Zk3zH,YfAnLxGO
3759	Andrea accondiscende a che Giulia si sposa.	0	0	3	0,1,0	wgWvRcwc,mUnENBws,YfAnLxGO
9329	Alessandro ama il cinema americano.	1	1	3	1,1,1	wgWvRcwc,mUnENBws,fl0Zk3zH
1295	Il postino parte la posta.	0	0	3	1,0,0	wgWvRcwc,mUnENBws,fl0Zk3zH
4877	Si è preso gioco.	0	0	3	1,0,0	wgWvRcwc,mUnENBws,YfAnLxGO
9509	Paola cade in terra.	1	1	3	1,0,1	wgWvRcwc,X2prWwzC,j3NeYHsi
9477	Alice ha calmato Lorenzo.	1	1	5	1,1,1,0,1	h!dFIcoS,mUnENBws,DBlF5lyy,iqd74Hi2,F2byQojD
4106	Giulia attraversa a abbracciare Andrea.	0	0	5	0,0,0,0,0	h!dFIcoS,mUnENBws,DBlF5lyy,iqd74Hi2,C62PYy1K
9366	Edoardo ne ride.	1	0	4	0,0,1,0	h!dFIcoS,Jx4LSsBG,d?suZO!D,dd640LRG
3613	Riccardo se ne colpisce del fatto che Giulia parta.	0	0	4	1,0,0,0	h!dFIcoS,X2prWwzC,d?suZO!D,dd640LRG
9053	Quella mattina pioveva a dirotto sulla pianura.	1	1	4	1,1,1,1	h!dFIcoS,mUnENBws,iAhjmUQk,ytitvUVq
8914	Alessandro ha dedicato un libro alla madre.	1	1	2	1,1	OeynLncz,93O5KCwA
8872	È venuto il ragazzo che aspettavo.	1	1	2	1,1	OeynLncz,93O5KCwA
8838	Il bambino dorme.	1	1	2	1,1	OeynLncz,93O5KCwA
9207	Disgrazia avvengono.	0	0	3	0,1,0	Jx4LSsBG,RDP2UUxa,NFwcyg6V
8890	Se lo dice lui bisogna fare così.	1	1	3	1,1,0	Jx4LSsBG,RDP2UUxa,NFwcyg6V
9701	Gli operai caricano le casse al camion.	0	0	3	0,1,0	Jx4LSsBG,RDP2UUxa,NFwcyg6V
8906	Mettersi a studiare.	1	1	3	1,1,0	Jx4LSsBG,RDP2UUxa,NFwcyg6V
9037	I rivoltosi incarcerarono l'auto nelle segrete della fortezza.	0	1	3	1,1,0	Jx4LSsBG,RDP2UUxa,NFwcyg6V
8806	Emma ha molto apprezzato la mia descrizione di lei.	1	1	3	1,1,0	Jx4LSsBG,RDP2UUxa,NFwcyg6V
9236	Riccardo ne ha escluso che i rumeni danzino.	0	1	3	1,1,1	Jx4LSsBG,RDP2UUxa,NFwcyg6V
8922	La legge ha abolito.	0	1	2	1,1	RDP2UUxa,NFwcyg6V
9638	Il frigo ha sedotto una minorenne.	0	1	2	1,1	RDP2UUxa,NFwcyg6V
8809	Ho incontrato Andrea e Giorgia, e ho parlato di te.	1	1	2	1,1	RDP2UUxa,NFwcyg6V
8919	Hai telefonato a Sofia?	1	1	2	1,1	RDP2UUxa,NFwcyg6V
8858	Avete visto?	1	1	2	1,1	RDP2UUxa,NFwcyg6V
9108	La barca attracca alla banchina.	1	0	2	0,0	Jx4LSsBG,t1?OR2fX
1506	La nebbia è dileguata.	0	1	3	1,1,1	Jx4LSsBG,NFwcyg6V,fzThuNe2
1327	Il violino è suonato.	0	0	4	0,0,0,0	Jx4LSsBG,mUnENBws,iAhjmUQk,ytitvUVq
9161	Paola prende un fiore fra le erbacce.	1	0	3	1,0,0	Jx4LSsBG,mUnENBws,WQHW5pZ6
9715	Il radar ha localizzato l'aereo sulla perpendicolare di Roma.	1	1	3	1,1,1	Jx4LSsBG,mUnENBws,fl0Zk3zH
6937	La zanzara ha preso una forte cotta per Andrea.	0	0	4	0,0,0,0	Jx4LSsBG,pri2Drl4,d?suZO!D,dd640LRG
5970	Lo stato di salute di mia madre mi addolora subito.	0	0	3	0,0,0	Jx4LSsBG,d?suZO!D,92nW9Gjw
9719	Ha luogo una confusione in Sofia tra l'amore e la dipendenza.	1	1	3	1,1,0	Jx4LSsBG,X2prWwzC,j3NeYHsi
3199	Riccardo crivellò colpi a Gabriele.	0	0	3	0,0,1	Jx4LSsBG,d?suZO!D,92nW9Gjw
7248	Alessandro ha tirato la pelle.	0	0	3	0,0,0	NFwcyg6V,mUnENBws,WQHW5pZ6
8965	L'acqua del lago è gelata.	1	1	2	1,1	Jx4LSsBG,ApnCHpJN
9386	Hanno caricato le armi dei ragazzi di proiettili.	1	0	3	0,1,0	NFwcyg6V,mUnENBws,WQHW5pZ6
7032	Le casse sono il caricamento del camion.	0	0	3	1,0,0	Jx4LSsBG,dd640LRG,ApnCHpJN
7128	Alessandro corre la leonessa.	0	0	3	0,0,0	NFwcyg6V,mUnENBws,WQHW5pZ6
6949	Alice si è beccata una forte cotta per Tommaso di Paola.	0	0	3	0,0,0	Jx4LSsBG,E5uCIZHH,ApnCHpJN
9051	Essi guardano Aurora.	1	1	4	1,1,1,1	NFwcyg6V,mUnENBws,iAhjmUQk,ytitvUVq
5088	Ѐ della sua vita che Beatrice raccontò a Gabriele la conversazione più esasperante.	0	0	2	0,0	NFwcyg6V,X2prWwzC
8750	La mia lettura preferita è la Divina Commedia.	1	1	3	1,1,1	pri2Drl4,X2prWwzC,qTMVRODw
9060	È al successo ciò a cui Alessandro tiene.	0	0	3	0,1,0	pri2Drl4,X2prWwzC,qTMVRODw
8774	Gabriele ha incontrato suo padre.	1	1	3	1,1,1	pri2Drl4,X2prWwzC,qTMVRODw
9664	Ciò guarda questa persona.	0	0	3	0,0,0	pri2Drl4,X2prWwzC,qTMVRODw
8994	Il latte è un po' scaduto.	0	0	3	0,0,0	pri2Drl4,X2prWwzC,qTMVRODw
8862	Che prende da bere?	1	0	3	0,0,1	pri2Drl4,X2prWwzC,qTMVRODw
8888	Può uscire dalla crisi.	1	1	2	1,1	pri2Drl4,X2prWwzC
9193	Tommaso approva l'idea di ciò che Vittoria danzi.	0	0	2	0,0	pri2Drl4,X2prWwzC
8789	Mattia si è accorto di Andrea.	1	1	2	1,1	pri2Drl4,X2prWwzC
9296	Quell'uomo vi ha fotografato.	0	1	2	1,1	pri2Drl4,X2prWwzC
8797	Ho comprato un libro da leggere in treno.	1	1	2	1,1	pri2Drl4,X2prWwzC
8875	Leggerò.	1	1	2	1,1	pri2Drl4,X2prWwzC
9608	Lorenzo sostiene una rigida condotta morale di Tommaso.	0	0	2	0,0	pri2Drl4,X2prWwzC
8860	Ho mantenuto solo una versione, l'altra sarebbe: tra poco vado a scuola.	1	1	2	1,1	pri2Drl4,X2prWwzC
8823	I Rossi sostengono che i vicini credono che i ragazzi dicano che Giorgia mi ha colpito.	1	0	3	0,0,1	pri2Drl4,I7v94qHY,X2prWwzC
8226	Riccardo va al fumo.	0	0	4	1,0,0,0	pri2Drl4,X2prWwzC,d?suZO!D,92nW9Gjw
5679	Il mare si è fatto inquinato.	0	0	4	0,0,0,0	pri2Drl4,I7v94qHY,d?suZO!D,92nW9Gjw
4119	La folla lo scatta a salutare.	0	0	3	0,0,0	pri2Drl4,d?suZO!D,92nW9Gjw
50	Il giudice ha domandato al gatto chi era entrato in casa.	0	0	4	0,1,0,0	pri2Drl4,j3NeYHsi,d?suZO!D,92nW9Gjw
9000	Lorenzo li esce.	0	0	3	0,0,0	pri2Drl4,I7v94qHY,X2prWwzC
8985	La borsa è crollata per un'ora.	0	1	3	1,0,1	pri2Drl4,I7v94qHY,X2prWwzC
9539	Aurora prese la carne.	1	1	3	1,1,1	pri2Drl4,d?suZO!D,92nW9Gjw
9669	Il premio è meritato da Gabriele.	1	1	4	1,0,1,1	pri2Drl4,I7v94qHY,d?suZO!D,92nW9Gjw
538	Riccardo conosce io, non lui.	0	0	3	0,0,0	pri2Drl4,d?suZO!D,dd640LRG
9574	La stoffa perse colore.	1	1	2	1,1	pri2Drl4,d?suZO!D
4043	Paola finisce del pasto.	0	0	3	0,0,0	pri2Drl4,fzThuNe2,t1?OR2fX
1987	Un libro legge Lorenzo.	0	0	2	0,0	pri2Drl4,fzThuNe2
4115	La folla lo accorre a salutare.	0	0	2	0,0	fzThuNe2,t1?OR2fX
9433	Gli amministratori hanno fuso la Fiat con la Chrysler.	1	1	3	0,1,1	I7v94qHY,d?suZO!D,92nW9Gjw
6843	Il cedro ama Beatrice.	0	1	2	1,1	fzThuNe2,t1?OR2fX
9291	Lorenzo ha mangiato la pizza.	1	1	2	1,1	fzThuNe2,t1?OR2fX
9541	Vittoria prese camera.	1	0	2	0,0	fzThuNe2,t1?OR2fX
8951	Il coltello taglia.	1	1	2	1,1	fzThuNe2,t1?OR2fX
9516	La casa è vicino là dove tu sai.	1	1	2	1,1	fzThuNe2,t1?OR2fX
8990	Mattia è partito di parecchio.	0	0	2	0,0	I7v94qHY,X2prWwzC
9085	Giulia mente a Paola.	1	1	2	1,1	fzThuNe2,t1?OR2fX
9247	Paola svincola il vecchio della necessità che si impegni.	1	0	2	0,0	fzThuNe2,t1?OR2fX
8982	È suonata la sveglia.	1	1	2	1,1	fzThuNe2,t1?OR2fX
8926	Alessandro noleggerà una bicicletta.	1	1	4	1,1,0,1	fzThuNe2,t1?OR2fX,dd640LRG,ApnCHpJN
9319	La macchina carbura perfettamente.	1	1	3	0,1,1	I7v94qHY,d?suZO!D,92nW9Gjw
9671	Giulia canta un tango.	1	0	2	0,0	fzThuNe2,t1?OR2fX
112	Ne solo ieri ho scoperto il colpevole.	0	0	4	0,0,0,1	fzThuNe2,t1?OR2fX,E5uCIZHH,ApnCHpJN
6208	Maria rubò il muscolo cardiaco ad Andrea.	0	1	3	0,1,1	I7v94qHY,d?suZO!D,92nW9Gjw
9173	Paola spostò la ceneriera verso la sedia.	1	1	3	1,1,1	fzThuNe2,h2mNWC!Q,ApnCHpJN
8519	Emma è in stupore.	0	1	2	1,1	t1?OR2fX,lY2Ep0os
5564	Il frigo si è sbrinato per tutta la notte.	0	1	2	1,1	I7v94qHY,d?suZO!D
9544	Vittoria ed Edoardo presero la fuga.	1	1	2	1,1	fzThuNe2,LIXNs3Xt
9377	Chi studia la matematica?	1	1	2	1,1	fzThuNe2,Eqy3Aea2
9524	Francesco ha bruciato i quadri.	1	1	3	1,1,0	fzThuNe2,uXGZ4s50,k43pmW!T
9069	Leonardo guarda un costume da bagno.	1	1	2	1,1	fzThuNe2,LIXNs3Xt
2488	È carezza che Andrea Giulia.	0	0	2	0,0	fzThuNe2,Eqy3Aea2
1673	Qualcuno accorcia le giornate.	0	0	3	1,0,0	I7v94qHY,d?suZO!D,dd640LRG
9109	L'acqua vi scorre.	1	0	2	0,0	I7v94qHY,jjt!Anoh
8828	Due parole di spiega non farebbero male.	1	0	2	0,0	X2prWwzC,qTMVRODw
9190	Tommaso desidera ciò che Vittoria parte.	0	0	2	0,0	X2prWwzC,qTMVRODw
8761	Ho scoperto solo ieri il colpevole del delitto.	1	1	2	1,1	X2prWwzC,qTMVRODw
9276	Francesco obbedisce Sofia.	0	1	2	1,1	X2prWwzC,qTMVRODw
8812	Edoardo ha ordinato ad Emma di partire.	1	1	2	1,1	X2prWwzC,qTMVRODw
8778	Tommaso ha incontrato Andrea.	1	1	2	1,1	X2prWwzC,qTMVRODw
8793	Leonardo ha promesso ad Andrea di difendersi.	1	1	2	1,1	X2prWwzC,qTMVRODw
9688	Andrea discute il tuo atteggiamento.	1	1	2	1,1	t1?OR2fX,cJoucJWN
8776	Mattia cammina e recita a memoria tutta la Divina Commedia.	1	1	2	1,1	X2prWwzC,qTMVRODw
9343	Paola distoglie Andrea da che dovrà partire.	0	1	2	1,1	X2prWwzC,qTMVRODw
8852	La persona con cui Mattia studiò.	1	1	2	1,1	X2prWwzC,qTMVRODw
9510	Tommaso cade per la terra.	0	0	2	0,0	X2prWwzC,qTMVRODw
2572	Lo scompiglio è stato nato dal disordine.	0	1	2	1,1	t1?OR2fX,lY2Ep0os
1214	Il bambino non mangia latte.	0	0	2	0,0	E5uCIZHH,LIXNs3Xt
9621	Mattia ha caricato i libri sulla mensola.	1	0	3	0,0,1	E5uCIZHH,dd640LRG,ApnCHpJN
8442	Il vento ha fatto rompere il vetro da Andrea.	0	1	4	1,1,0,1	X2prWwzC,mUnENBws,j3NeYHsi,Vbs6jYw2
9059	Alessandro annuncia la sua partenza a Beatrice.	1	1	2	1,1	t1?OR2fX,GgZjxBi1
5675	Gabriele ha reso aperta la porta.	0	0	3	0,0,0	E5uCIZHH,d?suZO!D,dd640LRG
2590	La tolleranza ci esula dai suoi doveri.	0	1	4	1,1,1,0	X2prWwzC,j3NeYHsi,d?suZO!D,92nW9Gjw
9610	Mattia si è raffreddato.	1	1	3	1,1,1	E5uCIZHH,X2prWwzC,d?suZO!D
9579	Riccardo mostrò i denti al dentista.	1	1	2	1,1	Sr2dmLja,dnd4uhif
7386	Molto coraggio a Tommaso è stato dato dal successo della mostra.	0	0	2	0,0	t1?OR2fX,iBDcmvF7
9436	Le vendite aumentano.	1	1	3	1,1,1	E5uCIZHH,iOR1l4iU,GgZjxBi1
9686	Mattia bacia Sofia e Sofia bacia Mattia.	1	1	3	1,0,1	X2prWwzC,d?suZO!D,92nW9Gjw
630	Il poliziotto catturò.	0	1	2	1,1	Sr2dmLja,dnd4uhif
9720	Beatrice confonde l'amore con la dipendenza.	1	1	2	1,1	E5uCIZHH,jjt!Anoh
9431	Il livello dell'acqua si è alzato di 20 cm.	1	1	2	1,1	Sr2dmLja,dnd4uhif
9682	La forte siccità ha abbassato il livello del fiume.	1	1	2	1,1	E5uCIZHH,GgZjxBi1
9563	Leonardo si imbarcò sulla nave.	1	0	3	1,0,0	X2prWwzC,d?suZO!D,92nW9Gjw
9558	Gli uccelli cominciarono.	1	1	3	1,1,0	Eqy3Aea2,o8WK4?x3,Sr2dmLja
9697	Emma ha estratto la pistola dalla borsa.	1	1	3	1,1,1	X2prWwzC,d?suZO!D,92nW9Gjw
3803	Alessandro gli pensa a Riccardo.	0	0	3	0,1,0	Eqy3Aea2,o8WK4?x3,Sr2dmLja
8998	Francesco fa bere molto caffè ai suoi amici.	1	1	3	1,1,0	Eqy3Aea2,o8WK4?x3,Sr2dmLja
9482	Alessandro si è agitato con quella notizia.	1	1	3	1,1,1	Eqy3Aea2,o8WK4?x3,Sr2dmLja
9150	Il cedro bruciato profuma.	1	1	3	1,0,1	Eqy3Aea2,o8WK4?x3,Sr2dmLja
23	Il mio alto preferito è la Divina Commedia.	0	0	3	0,0,0	Eqy3Aea2,o8WK4?x3,Sr2dmLja
9066	Mattia ci si inoltra nella foresta.	1	0	3	0,0,0	Eqy3Aea2,o8WK4?x3,Sr2dmLja
8936	Leonardo è caduto.	1	1	3	1,1,1	X2prWwzC,d?suZO!D,92nW9Gjw
4348	Paola si è montata il capo.	0	0	3	1,0,0	Eqy3Aea2,o8WK4?x3,Sr2dmLja
229	Quale politico ha detto la radio che hanno parlato?	0	0	3	0,0,0	Eqy3Aea2,o8WK4?x3,Sr2dmLja
9362	Lo porto in cucina, lo zucchero.	1	0	2	0,0	dnd4uhif,Sr2dmLja
9216	Emma aspira a soppiantare Sofia.	1	1	3	1,0,1	Eqy3Aea2,o8WK4?x3,Sr2dmLja
9437	Le vendite sono in incremento.	1	0	3	1,0,0	Eqy3Aea2,o8WK4?x3,Sr2dmLja
1719	Il caffè si è macchiato.	0	0	3	1,0,0	Eqy3Aea2,o8WK4?x3,Sr2dmLja
9656	La moto è nuova di zecca.	1	1	3	1,1,1	Eqy3Aea2,o8WK4?x3,Sr2dmLja
9355	Essere in balia delle onde.	1	1	3	1,1,1	Eqy3Aea2,o8WK4?x3,Sr2dmLja
5593	La carne si è cotta per 5 minuti.	0	1	3	1,1,0	Eqy3Aea2,o8WK4?x3,Sr2dmLja
8968	L'erba brucia.	1	1	3	1,1,1	Eqy3Aea2,k43pmW!T,uXGZ4s50
19	Il mio oggi preferito è la Divina Commedia.	0	0	2	0,0	Eqy3Aea2,uXGZ4s50
9449	Le foglie sono sbiadite per giorni.	1	0	3	0,0,1	Sr2dmLja,gZSlzREX,Mg3tq!tS
9106	Lorenzo dipende volontariamente da Giulia.	1	1	2	1,1	Eqy3Aea2,lY2Ep0os
9305	Quell'uomo ha cantato una canzone.	1	1	2	1,1	Eqy3Aea2,uXGZ4s50
9013	Tommaso mise la cassa nel mobile in camera da pranzo.	1	1	3	1,0,1	Eqy3Aea2,Sr2dmLja,Mg3tq!tS
9626	Il terzino ha caricato contro l'attaccante.	1	1	2	1,1	o8WK4?x3,Sr2dmLja
5402	La torta si è decorata di frutta candita.	0	0	2	0,0	o8WK4?x3,Sr2dmLja
1895	La ruota si è bucata per un'ora.	0	0	2	0,0	o8WK4?x3,Sr2dmLja
7585	Il nord attira l'ago della bussola da se stesso.	0	0	2	0,0	o8WK4?x3,Sr2dmLja
9199	Che Alice parta atterrisce Edoardo.	1	0	2	0,0	o8WK4?x3,Sr2dmLja
172	Hanno molte persone chiamato quel numero.	0	0	3	0,0,0	o8WK4?x3,jjt!Anoh,cJoucJWN
8305	Quell'alcuni musei sono stati progettati da architetto.	0	0	2	0,0	Sr2dmLja,iBDcmvF7
5789	Alice ha fatto preoccupare Alessandro alla fidanzata.	0	0	2	0,0	Sr2dmLja,iBDcmvF7
9390	Il concerto durò due ore.	1	1	2	1,1	Sr2dmLja,iBDcmvF7
9515	Beatrice fa il proprio interesse.	1	1	4	1,1,1,0	o8WK4?x3,iOR1l4iU,jjt!Anoh,cJoucJWN
2022	Uno schiaffo è stato ricevuto da Leonardo da parte del padre.	0	1	2	1,1	Sr2dmLja,LIXNs3Xt
1718	Il vino si è macchiato.	0	0	2	0,0	o8WK4?x3,Mg3tq!tS
9078	Leonardo fa che il pollo cuocia.	1	0	2	0,0	3t265ZsF,iBDcmvF7
9309	Edoardo carica le birre nel frigo.	1	0	2	0,0	3t265ZsF,iBDcmvF7
9113	Leonardo rima con animale.	1	0	2	0,0	3t265ZsF,iBDcmvF7
9556	Beatrice prese l'acqua piovana nel secchio.	1	0	2	0,0	3t265ZsF,iBDcmvF7
3830	Emma sorride di piangere.	0	0	2	0,0	3t265ZsF,iBDcmvF7
9429	La parete si è coperta di muffa.	1	0	2	0,0	3t265ZsF,iBDcmvF7
9662	Il cielo brilla di mille stelle.	1	0	2	0,0	3t265ZsF,iBDcmvF7
2840	La tibia e il perone di Lorenzo fremono dal terrore.	0	0	2	0,0	3t265ZsF,iBDcmvF7
6167	Edoardo tiene Riccardo sotto un bicchiere di vetro.	0	0	2	0,0	3t265ZsF,iBDcmvF7
9132	Mattia ha costruito una casa in mattoni rossi sulla collina.	1	0	4	1,0,0,0	3t265ZsF,iOR1l4iU,iBDcmvF7,G?j??PoF
9396	Quel ragazzo è nato con la camicia!	1	1	4	1,1,1,1	3t265ZsF,iOR1l4iU,iBDcmvF7,G?j??PoF
9641	Mattia ha pizzicato Sofia sulla guancia.	1	1	4	1,1,1,1	3t265ZsF,iOR1l4iU,iBDcmvF7,G?j??PoF
7254	Francesco a trarre la pelle.	0	0	4	0,0,0,0	3t265ZsF,iOR1l4iU,iBDcmvF7,G?j??PoF
9542	Leonardo ebbe il tifo.	1	0	3	0,1,0	3t265ZsF,iOR1l4iU,G?j??PoF
9393	Vittoria non accettava che la trattassero così.	1	1	3	1,1,0	3t265ZsF,iOR1l4iU,G?j??PoF
2273	Al garage dal giardino Riccardo ha piantato fiori.	0	0	3	0,0,0	3t265ZsF,iOR1l4iU,G?j??PoF
9643	Leonardo infila la mano nel cassetto.	1	1	3	1,1,1	3t265ZsF,iOR1l4iU,G?j??PoF
9126	Il braccio di Riccardo è massaggiato per due ore.	1	0	3	0,0,0	3t265ZsF,iOR1l4iU,G?j??PoF
9484	Alessandro si è irritato di Emma.	0	0	3	0,0,0	3t265ZsF,iOR1l4iU,G?j??PoF
9170	Gabriele raccoglie pietre nel cassetto.	1	0	3	0,0,0	3t265ZsF,iOR1l4iU,G?j??PoF
9097	Il racconto di Emma abbondava in particolari disgustosi.	1	0	3	0,0,0	3t265ZsF,iOR1l4iU,G?j??PoF
9673	Tommaso spalma il burro sul pane.	1	1	3	1,1,1	3t265ZsF,iOR1l4iU,G?j??PoF
9115	Mattia mette il cappello sul tavolo.	1	1	3	1,1,1	3t265ZsF,iOR1l4iU,G?j??PoF
9245	Edoardo castiga Emma del fatto che ha perso.	1	0	3	0,0,1	3t265ZsF,iOR1l4iU,G?j??PoF
9112	Mattia fraternizza con Sofia.	1	1	3	1,1,1	3t265ZsF,iOR1l4iU,G?j??PoF
6857	Il giardiniere ha potato la testata dell'auto.	0	0	2	0,0	3t265ZsF,Mg3tq!tS
1478	Le scarpe si sono lucidate.	0	0	2	0,0	3t265ZsF,jjt!Anoh
9408	Mio padre si è fatto essiccare i funghi dal contadino.	1	1	3	1,1,1	3t265ZsF,iOR1l4iU,GgZjxBi1
9420	Quella spugna abrasiva ha graffiato lo sportello dell'auto.	1	1	2	1,1	iOR1l4iU,GgZjxBi1
9271	Una tribù abita la casa in campagna.	1	0	2	0,0	iOR1l4iU,iBDcmvF7
2354	Dall'armadio Riccardo gli tolse il giocattolo.	0	0	2	0,0	iOR1l4iU,3u3JyFWf
325	Sembra Francesco amare Emma.	0	0	2	0,0	iBDcmvF7,IMJV8LBI
815	Mi sono accorto da poco tempo.	0	1	3	1,1,0	Mg3tq!tS,gZSlzREX,haNSh5E9
3732	Paola lo stima che la riforma non passerà.	0	0	3	0,0,0	Mg3tq!tS,gZSlzREX,haNSh5E9
9303	Paola corre i cento metri.	1	1	3	1,1,0	Mg3tq!tS,gZSlzREX,haNSh5E9
593	Il Edoardo pianoforte bene di ragazza suona la.	0	0	2	0,0	gZSlzREX,Mg3tq!tS
5017	Ѐ mette che Riccardo i libri sugli scaffali ora.	0	0	3	0,0,0	Mg3tq!tS,gZSlzREX,haNSh5E9
6849	Lo squalo ama i gatti.	0	0	3	1,0,0	Mg3tq!tS,gZSlzREX,haNSh5E9
8996	Mattia ode un canto di sirene.	1	0	3	1,0,0	Mg3tq!tS,gZSlzREX,haNSh5E9
3907	Beatrice vi ha combinato che si vedano domani.	0	0	2	0,0	Mg3tq!tS,haNSh5E9
1917	Edoardo ha pulito la casa di parecchio.	0	0	2	0,0	gZSlzREX,Mg3tq!tS
1441	Il comune ha adibito a parcheggio.	0	0	2	0,0	gZSlzREX,Mg3tq!tS
5785	Paola ha fatto spaventare Riccardo a quell'uomo.	0	0	2	0,0	Mg3tq!tS,haNSh5E9
306	Leonardo ha convinto suo figlio l'utilità studiare il latino.	0	0	2	0,0	Mg3tq!tS,haNSh5E9
7202	Andrea si è montato la fronte.	0	0	2	0,0	Mg3tq!tS,haNSh5E9
9707	Tommaso spalma la tartina di burro.	1	0	2	0,0	IMJV8LBI,3u3JyFWf
9488	Ciò inorridisce Giulia.	1	0	2	0,0	IMJV8LBI,3u3JyFWf
1945	L'aereo è un po' decollato.	0	0	2	0,0	IMJV8LBI,3u3JyFWf
9470	Il maglione si è fatto infeltrito.	1	0	2	0,0	IMJV8LBI,3u3JyFWf
8929	Giorgia non sopporta le tue battute.	1	1	2	1,1	IMJV8LBI,3u3JyFWf
5812	Maria si è colpita.	0	0	2	0,0	IMJV8LBI,3u3JyFWf
4793	Giulia comincia alla nuotata.	0	0	2	0,0	IMJV8LBI,3u3JyFWf
9118	Tommaso ha ricavato uno splendido studio da vecchi mobili.	1	1	2	1,1	IMJV8LBI,sILNPr9X
9716	La ditta ha disinfestato il palazzo dai topi.	1	1	2	1,1	IMJV8LBI,sILNPr9X
3735	Emma lo considera che Francesco è un buffone.	0	0	2	0,0	IMJV8LBI,sILNPr9X
833	Un bambino è nato a Paola.	0	0	2	0,0	IMJV8LBI,sILNPr9X
470	Giulia ha molto apprezzato la mia descrizione di se stessa.	0	0	2	0,0	IMJV8LBI,sILNPr9X
9259	Mattia deve mangiare.	1	1	2	1,1	IMJV8LBI,sILNPr9X
9521	Beatrice ha coraggio da vendere.	1	1	2	1,1	IMJV8LBI,sILNPr9X
6783	Le notizie trasmettono la radio.	0	0	2	0,0	IMJV8LBI,sILNPr9X
8938	La nebbia si è dileguata.	1	1	2	1,1	IMJV8LBI,sILNPr9X
9353	Andrea fa amicizia con Paola.	1	1	2	1,1	IMJV8LBI,sILNPr9X
8976	Il lago si è ghiacciato a causa del gran freddo.	1	1	2	1,1	IMJV8LBI,sILNPr9X
9713	La stanza profuma di aromi di pino.	1	1	2	1,1	IMJV8LBI,sILNPr9X
116	Non c'ho trovato.	0	0	2	0,0	IMJV8LBI,sILNPr9X
7431	Giulia mette.	0	0	3	1,0,0	IMJV8LBI,8nalqqw4,sILNPr9X
9221	Giorgia se ne ricorda di te.	1	0	2	0,0	IMJV8LBI,8nalqqw4
468	Se stesso inganna Lorenzo.	0	0	2	0,0	IMJV8LBI,8nalqqw4
9504	Leonardo ha il desiderio di un libro.	1	1	2	1,1	IMJV8LBI,8nalqqw4
8945	Il figlio di Andrea si siede in prima fila.	1	1	2	1,1	IMJV8LBI,8nalqqw4
9648	La musica rock rompe le orecchie ad Andrea.	1	1	2	1,1	IMJV8LBI,K!Fjtvbp
9447	Le tasse sono aumentate del 31 % in 5 anni.	1	1	2	1,1	IMJV8LBI,Qd6ZLJZ5
8675	Riccardo fa a cattivo gioco.	0	0	2	0,0	sILNPr9X,K!Fjtvbp
7162	Andrea ha tosato il quadro.	0	0	2	0,0	8nalqqw4,K!Fjtvbp
9168	Il chirurgo amputò il pollice dalla mano destra di Gabriele.	1	1	2	1,1	8nalqqw4,K!Fjtvbp
8923	Andrea lavora il legno.	1	1	2	1,1	8nalqqw4,K!Fjtvbp
619	Il cane legge il libro.	0	0	2	0,0	8nalqqw4,K!Fjtvbp
8954	Andrea aspira sempre il fumo del sigaro.	1	1	2	1,1	8nalqqw4,K!Fjtvbp
7027	Francesco procede alla carica del camion di casse.	0	0	2	0,0	8nalqqw4,K!Fjtvbp
2512	È dei polli che Riccardo compra.	0	1	2	1,1	8nalqqw4,K!Fjtvbp
8950	Il sole abbaglia tutti.	1	1	2	1,1	8nalqqw4,K!Fjtvbp
9266	Vittoria legge il giornale e guarda la Tv.	1	1	2	1,1	8nalqqw4,K!Fjtvbp
6844	Il cedro ama i castori.	0	1	2	1,1	8nalqqw4,K!Fjtvbp
9674	Leonardo studia geografia.	1	1	2	1,1	8nalqqw4,K!Fjtvbp
3084	Tommaso costruisce abitualmente di legno.	0	1	2	1,1	8nalqqw4,K!Fjtvbp
750	Ho parlato del parroco alla zia.	1	1	2	1,1	8nalqqw4,nWOrC?wr
6094	Paola porta un piatto alla tavola.	0	1	2	1,1	8nalqqw4,K!Fjtvbp
7987	Il muro ammuffisce in una giornata.	0	1	3	1,0,1	8nalqqw4,Okj0FfwW,K!Fjtvbp
9226	Francesco chiarisce la situazione ad Emma.	1	1	2	1,1	8nalqqw4,Okj0FfwW
176	Hanno chiamato quel molte persone numero.	0	0	2	0,0	8nalqqw4,Okj0FfwW
9583	Lorenzo portò acqua al mare.	1	1	2	1,1	8nalqqw4,Okj0FfwW
1760	La torta è cotta.	0	1	2	1,1	8nalqqw4,Okj0FfwW
9527	Andrea ha bruciato tutte le tappe.	1	1	2	1,1	Oe2l2!ZN,UfynjwNK
9465	Lorenzo è simile a uno scheletro.	1	1	2	1,1	Oe2l2!ZN,CPR730mE
9495	L'operaio ha abbattuto la casa.	1	1	2	1,1	Oe2l2!ZN,CPR730mE
5256	Quella notizia gli ha fatto piacere per Riccardo.	0	0	2	0,0	Oe2l2!ZN,CPR730mE
9405	Disse a tutti le opinioni di quella donna.	1	1	2	1,1	Oe2l2!ZN,CPR730mE
3970	Emma ne lo svincola.	0	0	2	0,0	Oe2l2!ZN,CPR730mE
9418	La vetrata si è rotta al primo urto violento.	1	1	2	1,1	Oe2l2!ZN,CPR730mE
1420	Giulia si scrive al padre ogni giorno.	0	0	2	0,0	Oe2l2!ZN,CPR730mE
4107	Leonardo nuota a salutare Maria.	0	0	2	0,0	Oe2l2!ZN,CPR730mE
9205	Aver studiato filosofia per trenta anni ha appesantito il suo comportamento.	1	1	2	1,1	Oe2l2!ZN,CPR730mE
1740	Il burro è sciolto in due ore.	0	0	2	0,0	Oe2l2!ZN,CPR730mE
9415	Una improvvisa raffica di vento ha rotto il vetro.	1	1	2	1,1	Oe2l2!ZN,CPR730mE
9691	Leonardo ruba un libro a Paola.	1	1	2	1,1	Oe2l2!ZN,CPR730mE
5943	Paola è in noia.	0	0	2	0,0	Oe2l2!ZN,CPR730mE
2281	È al garage che Lorenzo ha piantato fiori dal giardino.	0	0	2	0,0	Oe2l2!ZN,CPR730mE
9152	Disegni coprivano tutte le pareti.	1	0	3	1,0,0	Oe2l2!ZN,YcyQYgHG,CPR730mE
6091	Andrea va alla tavola.	0	0	2	0,0	Oe2l2!ZN,YcyQYgHG
6171	Tutti gettano le croci in Lorenzo.	0	0	2	0,0	Oe2l2!ZN,YcyQYgHG
9631	Alessandro scarica le casse dal camion.	1	1	2	1,1	Oe2l2!ZN,YcyQYgHG
6860	Il gatto ha potato il barboncino di Alessandro.	0	0	2	0,0	Oe2l2!ZN,YcyQYgHG
2071	Leonardo emerge questa persona.	0	0	2	0,0	Oe2l2!ZN,YcyQYgHG
6940	La zanzara si è pigliata una forte cotta per Riccardo.	0	0	2	0,0	Oe2l2!ZN,YcyQYgHG
9712	Gli americani danno una fornitura di armi ai ribelli.	1	1	2	1,1	Oe2l2!ZN,YcyQYgHG
8657	Alessandro corre l'asina.	0	0	2	0,0	Oe2l2!ZN,YcyQYgHG
8974	Andrea ha giocato tutti i soldi.	1	0	2	0,0	Oe2l2!ZN,YcyQYgHG
4321	Il professore ascolta il gelato.	0	0	3	0,0,0	Oe2l2!ZN,YcyQYgHG,y5SD83hf
857	Non è vero che Francesco è uscito?	1	0	2	0,0	CPR730mE,YcyQYgHG
9660	La situazione comporta per Emma che si svesta.	1	0	2	0,0	4HApE0fT,dDk9ABIQ
8939	Le bandiere hanno svolazzato sui tetti.	1	0	2	0,0	4HApE0fT,dDk9ABIQ
2000	Leonardo li studia.	0	0	2	0,0	nWOrC?wr,dDk9ABIQ
9649	Leonardo le ha tirate le cuoia.	1	0	2	0,0	nWOrC?wr,dDk9ABIQ
5712	Francesco è si è fatto magro.	0	0	2	0,0	4HApE0fT,dDk9ABIQ
7330	Giulia ha mangiato a dirotto.	0	0	2	0,0	nWOrC?wr,dDk9ABIQ
1723	La lezione si è continuata.	0	0	2	0,0	nWOrC?wr,dDk9ABIQ
1953	Una parte della camicia è venduta.	0	0	2	0,0	nWOrC?wr,dDk9ABIQ
8934	Le scarpe sono state lucidate da Beatrice.	1	1	2	1,1	nWOrC?wr,dDk9ABIQ
1444	Beatrice antepone a tutto.	0	0	2	0,0	nWOrC?wr,dDk9ABIQ
5849	Alessandro è agitato di Sofia.	0	0	2	0,0	nWOrC?wr,dDk9ABIQ
5861	Alessandro si calma del fatto che Giulia si tranquilla.	0	0	2	0,0	nWOrC?wr,dDk9ABIQ
5658	I commercianti hanno reso i prezzi rincarati.	0	0	2	0,0	4HApE0fT,dDk9ABIQ
8948	Giulia dorme sonni tranquilli.	1	1	2	1,1	nWOrC?wr,dDk9ABIQ
9001	Edoardo fruga nelle sue tasche.	1	1	2	1,1	4HApE0fT,dDk9ABIQ
9432	Il livello dell'acqua si è abbassato di 20 cm.	1	1	2	1,1	nWOrC?wr,dDk9ABIQ
1704	L'ostacolo è saltato.	0	0	3	0,1,0	nWOrC?wr,jsYFEDBs,dDk9ABIQ
9283	Paola ha preso il toro per le corna.	1	1	2	1,1	4HApE0fT,dDk9ABIQ
8084	Ho l'intenzione che mi vestirò da sposa.	0	0	2	0,0	jsYFEDBs,dDk9ABIQ
9575	La stoffa non ha più colore.	1	1	2	1,1	jsYFEDBs,dDk9ABIQ
3207	Edoardo colma attenzioni sul padre.	0	0	2	0,0	dDk9ABIQ,4HApE0fT
5676	Riccardo ha reso chiusa la porta.	0	0	2	0,0	dDk9ABIQ,4HApE0fT
9272	Ha abbandonato la moglie.	1	1	2	1,1	xr0!?w5q,dDk9ABIQ
485	Edoardo se stesso ha detto che arriverà.	0	0	2	0,0	xr0!?w5q,dDk9ABIQ
9458	Le pareti sono recentemente ingiallite.	1	1	2	1,1	xr0!?w5q,dDk9ABIQ
5862	Riccardo si calma che Maria si tranquilla.	0	0	2	0,0	dDk9ABIQ,xr0!?w5q
9127	Il vetriolo sfigura i volti.	1	1	2	1,1	dDk9ABIQ,xr0!?w5q
215	Gabriele ha comprato.	0	0	2	0,0	dDk9ABIQ,xr0!?w5q
6099	Giulia cade su terra.	0	0	2	0,0	dDk9ABIQ,xr0!?w5q
9264	Riccardo invia Sofia a comprare il pane.	1	0	2	0,0	dDk9ABIQ,xr0!?w5q
5659	I commercianti hanno reso i prezzi più rincarati.	0	0	2	0,0	dDk9ABIQ,xr0!?w5q
1969	Il libro è rimasto caduto.	0	0	2	0,0	dDk9ABIQ,xr0!?w5q
3645	Io sono affascinato da che Edoardo parli di poesia.	0	0	3	0,0,0	dDk9ABIQ,mZ4JRJwL,xr0!?w5q
4089	Francesco lo usa mangiare.	0	0	3	1,0,0	dDk9ABIQ,mZ4JRJwL,xr0!?w5q
9550	Aurora fece un bagno.	1	1	3	0,1,1	dDk9ABIQ,mZ4JRJwL,xr0!?w5q
9188	Sofia bada a ciò.	1	0	3	1,0,0	dDk9ABIQ,mZ4JRJwL,xr0!?w5q
3798	Beatrice pensa la bellezza di Andrea.	0	0	3	0,0,0	dDk9ABIQ,mZ4JRJwL,xr0!?w5q
4191	Idee verdi incolori dormono furiosamente.	0	0	2	0,0	dDk9ABIQ,mZ4JRJwL
9517	Giulia scende da sotto.	1	0	2	0,0	dDk9ABIQ,mZ4JRJwL
8986	La borsa è crollata in un'ora.	1	1	2	1,1	dDk9ABIQ,mZ4JRJwL
2947	Leonardo accumula giocattolo.	0	0	2	0,0	dDk9ABIQ,mZ4JRJwL
9009	Le stelle brillano nel cielo.	1	1	2	1,1	dDk9ABIQ,mZ4JRJwL
2498	È Emma ciò che costruisce un caminetto.	0	0	2	0,0	dDk9ABIQ,mZ4JRJwL
5736	I prezzi diventano molto aumentati.	0	0	2	0,0	dDk9ABIQ,mZ4JRJwL
5512	Il comandante ha affondato la nave per mezz'ora.	0	0	2	0,0	dDk9ABIQ,mZ4JRJwL
9252	Vittoria discorre di voler partire con Sofia.	1	0	3	0,0,0	dDk9ABIQ,!GXFVVUQ,kuARztUC
639	Il poliziotto ha.	0	0	3	0,1,0	dDk9ABIQ,!GXFVVUQ,kuARztUC
1960	Ho notato una bomba esplosa.	0	0	3	0,0,0	dDk9ABIQ,!GXFVVUQ,kuARztUC
9580	Leonardo tirò le cuoia della vacca.	1	0	3	0,0,1	dDk9ABIQ,!GXFVVUQ,kuARztUC
9680	I panni asciuga al sole.	1	0	3	0,0,1	dDk9ABIQ,!GXFVVUQ,kuARztUC
5492	Le tasse sono aumentate del 31 % per 5 anni.	0	0	3	0,1,0	dDk9ABIQ,!GXFVVUQ,kuARztUC
9570	Il cavallo è sfuggito al controllo del fantino.	1	1	3	1,0,1	dDk9ABIQ,!GXFVVUQ,kuARztUC
9104	Le tue lamentele prescindono da ogni dignità.	1	1	3	0,1,1	dDk9ABIQ,!GXFVVUQ,kuARztUC
9159	Francesco toglie il portafoglio dal pantalone.	1	0	3	0,0,1	dDk9ABIQ,!GXFVVUQ,kuARztUC
9020	In quest'ufficio Gabriele ci ha lavorato tutto il giorno.	1	1	3	1,1,0	dDk9ABIQ,!GXFVVUQ,kuARztUC
5654	Sofia ha reso la valigia alleggerita.	0	0	3	1,0,0	dDk9ABIQ,!GXFVVUQ,kuARztUC
7216	Beatrice ha preso per le corna.	0	0	3	0,0,0	dDk9ABIQ,!GXFVVUQ,kuARztUC
2276	È in giardino dal balcone che Alessandro ha lanciato il pallone.	0	0	3	0,0,0	dDk9ABIQ,!GXFVVUQ,kuARztUC
9685	Edoardo e Vittoria si baciano.	1	1	3	1,1,1	dDk9ABIQ,!GXFVVUQ,kuARztUC
3912	Maria ve lo ha scommesso.	0	0	3	0,0,1	dDk9ABIQ,!GXFVVUQ,kuARztUC
9412	Il terrorista si è ucciso.	1	1	2	1,1	dDk9ABIQ,joqYXLG1
3960	Lorenzo esime Gabriele dal fatto che deve partire.	0	1	2	1,1	dDk9ABIQ,joqYXLG1
9042	Questo latte deterge il volto.	1	1	2	1,1	dDk9ABIQ,joqYXLG1
9625	La bimba carica il carillon.	1	1	2	1,1	dDk9ABIQ,joqYXLG1
8087	Il vino beve Alessandro.	0	0	2	0,0	dDk9ABIQ,joqYXLG1
3438	Gli amici separarono Lorenzo con Leonardo.	0	0	2	0,0	dDk9ABIQ,joqYXLG1
9675	Francesco è uno scrittore.	1	1	2	1,1	dDk9ABIQ,joqYXLG1
9114	Il giallo contrasta con il rosso.	1	0	2	0,0	dDk9ABIQ,joqYXLG1
3444	Francesco ricava danaro e le sue speculazioni.	0	0	2	0,0	dDk9ABIQ,joqYXLG1
4386	Mio padre ulula.	0	0	2	0,0	dDk9ABIQ,joqYXLG1
60	Ne ha telefonato il padre.	0	0	2	0,0	dDk9ABIQ,i5VZ9EBr
6249	Legna fu portata al bosco da Giulia.	0	0	2	0,0	dDk9ABIQ,i5VZ9EBr
8002	La lezione ha continuato.	0	0	2	0,0	mZ4JRJwL,kuARztUC
4315	Maria mangia la TV.	0	0	2	0,0	dDk9ABIQ,i5VZ9EBr
7840	Chi tocca i fili muore.	1	1	2	1,1	mZ4JRJwL,kuARztUC
64	Parlato Andrea, ci siamo dati alla pazza gioia.	0	0	2	0,0	!GXFVVUQ,kuARztUC
3935	Gabriele ve la invita.	0	0	4	0,1,0,0	joqYXLG1,G?j??PoF,SL90k!9d,Yxeisc4b
3638	Il fatto che Leonardo parli di magia suggestiona la decisione.	0	1	3	1,0,1	joqYXLG1,haNSh5E9,67ocN1RM
1252	Accingersi a uscire.	1	1	3	1,1,0	joqYXLG1,G?j??PoF,haNSh5E9
7898	Va' a casa!	1	1	2	1,1	CtecEp6w,qTMVRODw
364	Considero Alessandro molto intelligente.	1	1	3	1,1,1	CtecEp6w,69YGNH2F,OeynLncz
11	Quell'uomo e quella donna mi ha colpito.	0	0	2	0,0	CtecEp6w,y6DhlGjr
4764	Alice dubita te.	0	0	2	0,0	CtecEp6w,KrqDYVRQ
846	Ho mandato un biglietto a tua madre.	1	1	3	1,0,1	CtecEp6w,G?j??PoF,UfynjwNK
1543	Il forte vento ha fatto pedalare Riccardo	0	1	2	1,1	CtecEp6w,SL90k!9d
7197	Paola tiene capo al nemico.	0	1	2	1,1	AWVSmErk,69YGNH2F
9111	La roccia affiora dal terreno.	1	1	2	1,1	AWVSmErk,69YGNH2F
9497	Il mare si agitava.	1	1	2	1,1	AWVSmErk,69YGNH2F
686	Riccardo disse che sarebbe arrivato alle quattro.	1	1	2	1,1	AWVSmErk,SL90k!9d
243	L'idea che i soldati potessero comportarsi così non era venuta in mente a nessuno.	1	1	2	1,1	CtecEp6w,OeynLncz
246	Abbiamo aspettato l'arrivo di Alessandro per poter cenare tutti insieme.	1	1	2	1,1	CtecEp6w,SL90k!9d
8350	Maria ha tolto i vestiti e ciò è accaduto nell'armadio.	0	1	3	1,0,1	CtecEp6w,y6DhlGjr,UfynjwNK
234	Quali politici ha detto la radio che ha parlato?	0	1	2	1,1	69YGNH2F,SL90k!9d
3691	Tommaso analizzò che il sangue era puro	0	0	3	1,0,0	69YGNH2F,SL90k!9d,C62PYy1K
6225	Maria portò questa legna a un bosco.	0	0	3	1,0,0	69YGNH2F,SL90k!9d,67ocN1RM
199	Questo signore, Dio gli ha toccato il cuore.	1	0	2	0,0	G?j??PoF,Ugvo2lSV
9055	Emma studia dove lavora.	1	0	2	0,0	SL90k!9d,67ocN1RM
160	Dentro l'armadio, Gabriele ci ha portato.	0	0	3	0,0,1	SL90k!9d,jTBbh5OX,DBlF5lyy
262	Riccardo, il quale è venuto a trovarmi ieri, mi ha detto di salutarti.	1	1	6	0,1,1,1,0,1	SL90k!9d,y6DhlGjr,qTMVRODw,KrqDYVRQ,iAhjmUQk,WQHW5pZ6
5684	Il piede è diventato gonfiato.	0	1	3	0,1,1	SL90k!9d,OeynLncz,WQHW5pZ6
6934	Il frigorifero pratica una rigida condotta morale.	0	0	3	0,0,0	SL90k!9d,Yxeisc4b,DBlF5lyy
1244	Ne sono arrivati due.	1	1	3	1,1,1	SL90k!9d,OeynLncz,WQHW5pZ6
4333	Sofia ha tagliato il capo al bisonte.	0	1	2	1,1	Yxeisc4b,cJoucJWN
7489	Il livello del fiume abbassa se stesso.	0	0	4	0,0,0,0	Yxeisc4b,cJoucJWN,C62PYy1K,ytitvUVq
8641	Il frigorifero ha una forte cotta per Francesco.	0	0	7	0,0,0,0,0,0,0	SL90k!9d,Yxeisc4b,y6DhlGjr,KrqDYVRQ,UfynjwNK,DBlF5lyy,WQHW5pZ6
150	Francesco ha mangiato una mela e nella sua città natale.	0	0	4	0,0,0,0	SL90k!9d,Yxeisc4b,iqd74Hi2,iAhjmUQk
464	Ho parlato sulle disavventure giudiziarie di Riccardo.	0	0	3	0,0,0	Yxeisc4b,y6DhlGjr,ytitvUVq
9651	Sciogliere la lingua di qualcuno.	1	0	2	0,0	Yxeisc4b,y6DhlGjr
601	Lo penso di prendere.	0	0	2	0,0	Yxeisc4b,y6DhlGjr
8477	Il temporale ha ritardato il treno in due ore.	0	0	3	0,0,0	Yxeisc4b,y6DhlGjr,ytitvUVq
2506	Che Paola teme è un ragno.	0	0	4	0,0,0,0	haNSh5E9,y6DhlGjr,DBlF5lyy,mUnENBws
696	Oggi piove e non piove.	1	0	3	0,1,0	haNSh5E9,y6DhlGjr,jTBbh5OX
271	Francesco non sa che cosa fare di questi soldi.	1	0	3	0,0,1	haNSh5E9,OeynLncz,mUnENBws
314	Francesco ha tirato il cordoncino del campanello.	1	1	4	0,1,1,1	haNSh5E9,Ugvo2lSV,DBlF5lyy,mUnENBws
9513	La palla è lì a terra.	1	1	2	1,1	y6DhlGjr,ytitvUVq
1576	Il muro si ammuffisce per una giornata.	0	1	3	1,1,1	y6DhlGjr,93O5KCwA,ytitvUVq
282	Leonardo ha sentito lei cantare l'Aida.	1	0	2	0,0	y6DhlGjr,OeynLncz
3203	I difensori munirono aura sulla città.	0	0	2	0,0	y6DhlGjr,qTMVRODw
6563	Tommaso prese il frutto dal suo lavoro.	0	1	2	1,1	y6DhlGjr,mUnENBws
188	Gli amici hanno salutato Leonardo.	1	1	4	1,1,1,1	OeynLncz,jTBbh5OX,iAhjmUQk,iqd74Hi2
55	Sono arrivati molti ragazzi.	1	1	2	1,1	OeynLncz,jTBbh5OX
7934	Ho sentito cantare i ragazzi.	1	1	2	1,1	qTMVRODw,mUnENBws
1931	Il ciliegio è fiorito alle 9 di sera.	0	0	3	0,0,0	qTMVRODw,Ugvo2lSV,iqd74Hi2
890	Penso che tu sia felice.	1	1	5	1,1,1,1,1	qTMVRODw,KrqDYVRQ,jTBbh5OX,DBlF5lyy,mUnENBws
439	Paola sembra essere partita.	1	1	3	1,1,1	qTMVRODw,iqd74Hi2,WQHW5pZ6
5478	Ha abbassato il prezzo dei moduli fotovoltaici per sei mesi.	0	0	2	0,0	KrqDYVRQ,93O5KCwA
8095	Maria vuole lo mangiare.	0	0	2	0,0	KrqDYVRQ,ytitvUVq
9653	Essere geloso come una tigre.	1	1	3	0,1,1	KrqDYVRQ,93O5KCwA,rwzy4gYv
2160	Edoardo estrae la pistola dentro la tasca.	0	0	2	0,0	KrqDYVRQ,WQHW5pZ6
232	Quali politici ha parlato?	0	0	4	0,0,0,0	KrqDYVRQ,DBlF5lyy,iAhjmUQk,iqd74Hi2
389	A chi ha dato un libro, Francesco?	1	1	2	1,1	KrqDYVRQ,iqd74Hi2
7015	Edoardo ha Alice nel mio cuore.	0	0	3	0,1,0	Ugvo2lSV,rwzy4gYv,kKyAP7X8
9598	Tommaso si è lasciato con Sofia.	1	1	2	1,1	Ugvo2lSV,rwzy4gYv
9176	Leonardo litiga con Tommaso.	1	1	2	1,1	Ugvo2lSV,F2byQojD
2941	Gabriele questa cosa.	0	0	3	0,0,0	Ugvo2lSV,ytitvUVq,F2byQojD
2617	Tommaso abita.	0	0	4	0,1,0,0	Ugvo2lSV,ytitvUVq,F2byQojD,kKyAP7X8
5405	Il cassetto si è rivestito di carta a fiori.	0	0	4	1,0,0,0	Ugvo2lSV,93O5KCwA,F2byQojD,kKyAP7X8
8704	Una tale conclusione deriva.	0	0	3	0,0,0	Ugvo2lSV,jTBbh5OX,kKyAP7X8
6220	Beatrice rubò questo cuore a Francesco.	0	0	2	0,0	Ugvo2lSV,jTBbh5OX
9018	A letto Lorenzo legge il giornale.	1	0	3	0,0,1	Ugvo2lSV,jTBbh5OX,F2byQojD
5757	Andrea si colpisce della prontezza di Leonardo.	0	1	3	0,1,1	Ugvo2lSV,jTBbh5OX,rwzy4gYv
4952	Io e Paola conto del fatto che sei malata.	0	0	2	0,0	Ugvo2lSV,jTBbh5OX
3208	Riccardo colma attenzioni il padre.	0	0	2	0,0	Ugvo2lSV,DBlF5lyy
1086	Ci insegnerai l'arte.	1	1	2	1,1	Ugvo2lSV,jTBbh5OX
4245	Paola ha messo una nuova macchina.	0	0	2	0,0	jTBbh5OX,mUnENBws
3783	Riccardo vigila al fatto che tutto sia in ordine.	0	0	2	0,0	jTBbh5OX,YfAnLxGO
6166	Emma carezza Tommaso sotto una campana di vetro.	0	0	2	0,0	jTBbh5OX,kKyAP7X8
6247	Il cuore fu rubato da Alice a Leonardo.	0	0	2	0,0	jTBbh5OX,ytitvUVq
294	Cerco una spalla su cui piangere.	1	1	2	1,1	jTBbh5OX,mUnENBws
4790	Alessandro va a che fumi.	0	0	3	0,0,0	jTBbh5OX,mUnENBws,kKyAP7X8
8943	La palla ha rimbalzato sul muro	1	1	2	1,1	mUnENBws,ytitvUVq
9512	La palla è lì dietro.	1	1	2	1,1	mUnENBws,93O5KCwA
4264	Riccardo guarda ad Alice.	0	0	4	0,0,0,0	mUnENBws,DBlF5lyy,iqd74Hi2,C62PYy1K
9536	Francesco si è ravveduto.	1	1	4	1,1,1,1	mUnENBws,DBlF5lyy,iqd74Hi2,ytitvUVq
8116	Emma e il film si sono visti.	0	0	4	0,0,0,0	mUnENBws,DBlF5lyy,iqd74Hi2,C62PYy1K
8341	Quell'uomo ne ha fotografato.	0	0	3	0,0,0	mUnENBws,DBlF5lyy,iqd74Hi2
9280	Giorgia ha reciso il capo al pupazzo.	1	0	3	0,1,0	mUnENBws,DBlF5lyy,iqd74Hi2
5995	Le foglie sono seccate.	0	1	5	1,1,0,1,1	mUnENBws,DBlF5lyy,iqd74Hi2,C62PYy1K,F2byQojD
1826	Tommaso ha seduto Maria.	0	0	3	0,0,0	mUnENBws,DBlF5lyy,iqd74Hi2
7876	L'anno scorso, Edoardo scrisse un libro, ma a tutt'oggi non l'ha ancora finito.	0	0	3	1,0,0	mUnENBws,C62PYy1K,F2byQojD
9369	Dilla ad Alessandro e vedrai!	1	0	2	0,0	mUnENBws,C62PYy1K
9337	Alice piace a Leonardo.	1	1	2	1,1	mUnENBws,rwzy4gYv
9590	Lorenzo ama Alice.	1	1	2	1,1	mUnENBws,rwzy4gYv
3560	Io aspetto che io parta.	0	0	3	0,0,0	mUnENBws,ASUJx12A,F2byQojD
9444	La finestra si è aperta per un secondo.	1	1	2	1,1	mUnENBws,ASUJx12A
9478	Gabriele si è calmato.	1	1	2	1,1	mUnENBws,ASUJx12A
9107	La neve vi approda.	1	0	3	0,1,0	mUnENBws,ASUJx12A,C62PYy1K
6210	Sofia rapinò il muscolo cardiaco a Leonardo.	0	0	2	0,0	mUnENBws,iAhjmUQk
7238	Emma è caduta nella brace della padella.	0	0	2	0,0	mUnENBws,iAhjmUQk
7212	Beatrice ha reclinato la testa.	0	1	3	1,1,1	mUnENBws,iAhjmUQk,ytitvUVq
7014	Lorenzo ha Alice nel tuo cuore.	0	0	3	0,0,0	DBlF5lyy,mUnENBws,iAhjmUQk
9136	Abbiamo lasciato Gabriele al Circolo dei cacciatori.	1	1	3	1,1,1	mUnENBws,iAhjmUQk,ytitvUVq
8326	Il mio amico abbaia.	0	0	3	0,0,1	mUnENBws,iAhjmUQk,ytitvUVq
3728	Alice lo trova che Maria sia bella.	0	0	3	0,0,0	mUnENBws,iAhjmUQk,ytitvUVq
9551	Edoardo si sposò.	1	1	2	1,1	mUnENBws,iAhjmUQk
8700	Ciò guarda questa cosa.	0	0	2	0,0	DBlF5lyy,iAhjmUQk
9571	Il cavallo ha preso la mano del fantino.	1	0	3	0,0,1	mUnENBws,iAhjmUQk,F2byQojD
8964	Il vino macchia.	1	1	3	1,1,1	mUnENBws,iAhjmUQk,WQHW5pZ6
9222	Alessandro si dimentica di aver promesso un viaggio a Poi.	1	0	2	0,0	mUnENBws,WQHW5pZ6
8925	Il pacco è finalmente arrivato.	1	1	3	1,1,0	mUnENBws,WQHW5pZ6,kKyAP7X8
8540	Gabriele è alla tavola.	0	0	3	0,0,0	mUnENBws,WQHW5pZ6,F2byQojD
9257	Il fatto che fa judo corazza Vittoria contro i nemici.	1	0	3	0,1,0	mUnENBws,WQHW5pZ6,kKyAP7X8
9533	Alice è come l'araba fenice.	1	1	3	1,1,1	mUnENBws,WQHW5pZ6,kKyAP7X8
9030	I titoli stanno sul giornale.	1	1	2	1,1	mUnENBws,WQHW5pZ6
9321	Tommaso e Sofia divorziano.	1	1	3	1,1,1	mUnENBws,fl0Zk3zH,WQHW5pZ6
9576	Riccardo ha preso una buona occasione.	1	0	2	0,0	mUnENBws,fl0Zk3zH
9658	Sofia ha mangiato molto.	1	1	2	1,1	mUnENBws,fl0Zk3zH
7854	Edoardo crede chi Sofia abbia baciato.	0	0	2	0,0	mUnENBws,fl0Zk3zH
5894	Andrea è diventato sorpreso.	0	0	2	0,0	mUnENBws,fl0Zk3zH
9186	Giorgia desidera che tu venga.	1	1	2	1,1	mUnENBws,fl0Zk3zH
9613	Andrea mollò uno schiaffo ad Alice.	1	1	2	1,1	mUnENBws,fl0Zk3zH
9391	Sono scesa di 2 kg.	1	1	2	1,1	mUnENBws,fl0Zk3zH
5502	Gabriele ha iniziato la lezione per ore.	0	0	2	0,0	mUnENBws,fl0Zk3zH
9162	Emma prende un giornale dal tavolo.	1	1	2	1,1	mUnENBws,fl0Zk3zH
8981	Bollire il latte.	1	1	2	1,1	mUnENBws,fl0Zk3zH
3543	Gabriele lo approva l'idea che tu danzi.	0	0	3	0,0,0	mUnENBws,fl0Zk3zH,YfAnLxGO
9448	La sua elezione cambia lo scenario politico per i prossimi anni.	1	1	3	1,1,0	mUnENBws,fl0Zk3zH,YfAnLxGO
202	Tommaso l'ho visto ieri, non Andrea.	0	0	2	0,0	DBlF5lyy,iqd74Hi2
513	Chi pensi all'affermazione di Paola che Lorenzo vuole sposare?	0	0	3	0,0,0	mUnENBws,fl0Zk3zH,YfAnLxGO
9659	Ho visto un'unità di copertura in marcia.	1	0	3	0,1,0	mUnENBws,fl0Zk3zH,YfAnLxGO
9705	Lorenzo passò un panno sul mobile.	1	1	2	1,1	mUnENBws,YfAnLxGO
407	Quali segreti hai fatto l'affermazione che Tommaso conosceva?	0	0	2	0,0	mUnENBws,YfAnLxGO
4516	Il volto di Emma è sfigurato per un'ora.	0	0	2	0,0	mUnENBws,YfAnLxGO
9636	Tommaso mette il bastone fra le ruote a Francesco.	1	1	3	1,1,1	mUnENBws,YfAnLxGO,Vbs6jYw2
9279	Giulia sorride a Mattia.	1	1	2	1,1	mUnENBws,Vbs6jYw2
9250	Beatrice parla della sua partenza con Sofia.	1	1	2	1,1	mUnENBws,Vbs6jYw2
3891	La situazione glielo comporta.	0	0	2	0,0	mUnENBws,Vbs6jYw2
9213	Sofia adora che la si baci.	1	1	2	1,1	mUnENBws,Vbs6jYw2
2651	Maria diverte qualche cosa.	0	0	3	0,0,0	mUnENBws,j3NeYHsi,Vbs6jYw2
301	I vandali saccheggiarono Roma ai senatori.	0	0	3	0,0,1	mUnENBws,j3NeYHsi,Vbs6jYw2
7033	Il camion è la carica delle casse.	0	0	2	0,0	mUnENBws,WQHW5pZ6
502	La ragazza parte.	1	1	3	1,1,1	mUnENBws,iAhjmUQk,WQHW5pZ6
20	Il mio e preferito è la Divina Commedia.	0	0	3	0,0,1	iAhjmUQk,iqd74Hi2,WQHW5pZ6
916	È possibile che tu sia caduto in disgrazia per colpa mia.	1	1	2	1,1	YfAnLxGO,ApnCHpJN
735	Sto parlando dello stato.	1	1	3	1,1,0	YfAnLxGO,92nW9Gjw,LIXNs3Xt
1315	Prendimi il libro che sta sul tavolo.	1	1	3	1,1,1	YfAnLxGO,ApnCHpJN,92nW9Gjw
736	Aspettami.	1	1	2	1,1	YfAnLxGO,92nW9Gjw
1176	Sono romani?	1	1	2	1,1	YfAnLxGO,Ke1PzR07
3432	Lorenzo confonde il sole.	0	1	3	1,1,0	j3NeYHsi,d?suZO!D,92nW9Gjw
9501	Gli elogi di Leonardo hanno montato la testa ad Aurora.	1	1	3	1,1,1	d?suZO!D,92nW9Gjw,j3NeYHsi
9548	Leonardo ebbe fresco.	1	1	2	1,1	d?suZO!D,92nW9Gjw
9167	Gabriele alloggia gli zii in casa sua.	1	0	2	0,0	d?suZO!D,92nW9Gjw
5526	Il temporale ha ritardato il treno per due ore.	0	1	3	1,1,0	j3NeYHsi,Ke1PzR07,LIXNs3Xt
355	Avendo me sempre sostenuto una posizione diversa, dovrò votare contro questa proposta.	0	0	2	0,0	d?suZO!D,dd640LRG
2042	La nostra attenzione merita questo caso.	0	0	2	0,0	d?suZO!D,dd640LRG
9601	Il sindacati hanno elogiato l'accordo con il governo.	1	0	2	0,0	d?suZO!D,dd640LRG
3551	Tommaso ne approva il fatto di ciò.	0	0	2	0,0	dd640LRG,ApnCHpJN
2476	La Riccardo adora.	0	0	2	0,0	dd640LRG,ApnCHpJN
9165	Tommaso spennellò la parete con un pennello da imbianchino.	1	0	2	0,0	dd640LRG,ApnCHpJN
2080	Dove Maria ha nascosto i capelli?	0	0	2	0,0	dd640LRG,ApnCHpJN
9231	Aurora evoca a Giorgia il fatto di essere stata benedetta dal Papa.	1	0	2	0,0	dd640LRG,ApnCHpJN
1135	Quel che Emma ha fatto è venire.	1	1	2	1,1	Ke1PzR07,ApnCHpJN
5461	La vetrata si è spaccata per un secondo.	0	0	2	0,0	dd640LRG,92nW9Gjw
649	Gabriele ha domandato da quale professore non era stato ancora interrogato Riccardo.	1	0	2	0,0	dd640LRG,jjt!Anoh
5351	Il vetro si è rotto con Alice.	0	0	2	0,0	dd640LRG,cJoucJWN
4525	Edoardo ha fratturato Beatrice al braccio.	0	1	4	0,1,1,1	dd640LRG,ApnCHpJN,92nW9Gjw,cJoucJWN
7912	Ho visto una casa.	1	1	3	1,1,0	ApnCHpJN,92nW9Gjw,jjt!Anoh
2261	Dal giardino alla strada Gabriele ne ha tolto gli alberi.	0	0	2	0,0	92nW9Gjw,lY2Ep0os
3473	Andrea fondeva l'oro.	0	1	3	1,1,0	LIXNs3Xt,uXGZ4s50,k43pmW!T
214	Che cosa ha comprato il giornale Andrea?	0	0	2	0,0	k43pmW!T,uXGZ4s50
9135	Giorgia ha designato Francesco suo rappresentante legale.	1	1	2	1,1	k43pmW!T,uXGZ4s50
9640	Tommaso ha pizzicato la guancia di Vittoria.	1	1	2	1,1	k43pmW!T,uXGZ4s50
3989	Questo fatto gli vi equivale.	0	0	2	0,0	k43pmW!T,uXGZ4s50
1918	Leonardo ignora la risposta di parecchio.	0	0	2	0,0	k43pmW!T,uXGZ4s50
5920	La pianta sta secca.	0	0	2	0,0	jjt!Anoh,cJoucJWN
1091	Quel ragazzo e quella chiave aprono la porta.	0	0	2	0,0	93O5KCwA,ytitvUVq
